voucher_no,date,customer_id,customer_name,city,segment,item_id,item_name,category,quantity,unit_price,discount_pct,net_sales,tax,total_amount,payment_mode,estimated_cost,estimated_profit,profit_margin_pct,duplicate_key,duplicate_count,price_deviation_pct,high_value_flag,high_discount_flag,high_quantity_flag,price_anomaly_flag,duplicate_flag,cash_high_value_flag,fraud_risk_score,risk_level,risk_reasons,month
INV1001,2026-06-13,C002,Sri Lakshmi Stores,Ambattur,Retail,ITM001,Laptop,Electronics,5,50409.76,0,252048.8,45368.78,297417.58,Bank,216588.580792429,35460.219207570975,14.068791125992655,2026-06-13|C002|ITM001|252048.8,1,2.914598143293032,True,False,False,False,False,False,20,Low,unusually high transaction value,2026-06
INV1002,2026-06-23,C002,Sri Lakshmi Stores,Ambattur,Retail,ITM010,Barcode Scanner,POS,7,6387.76,0,44714.32,2235.72,46950.04,UPI,35726.65757931132,8987.662420688677,20.100188084463046,2026-06-23|C002|ITM010|44714.32,1,13.732719391892752,False,False,False,False,False,False,0,Low,normal pattern,2026-06
INV1003,2026-05-10,C001,Arun Traders,Chennai,Retail,ITM009,External SSD,Storage,4,6232.09,8,22934.09,4128.14,27062.23,Credit,21801.03804770438,1133.0519522956201,4.940470506113912,2026-05-10|C001|ITM009|22934.09,1,14.147114310310076,False,False,False,False,False,False,0,Low,normal pattern,2026-05
INV1004,2026-02-26,C008,Bright Retail Hub,Anna Nagar,Retail,ITM010,Barcode Scanner,POS,5,7947.72,0,39738.6,1986.93,41725.53,Credit,33600.02924872412,6138.570751275882,15.447375476931452,2026-02-26|C008|ITM010|39738.6,1,7.334682491932402,False,False,False,False,False,False,0,Low,normal pattern,2026-02
INV1005,2026-03-29,C005,Delta Distributors,Redhills,Wholesale,ITM003,Keyboard,Accessories,4,1062.43,0,4249.72,212.49,4462.21,Bank,3131.8393245957186,1117.8806754042816,26.304807738022305,2026-03-29|C005|ITM003|4249.72,1,28.516130593088096,False,False,False,False,False,False,0,Low,normal pattern,2026-03
INV1006,2026-04-08,C002,Sri Lakshmi Stores,Ambattur,Retail,ITM006,Desk,Furniture,6,8070.49,10,43580.65,2179.03,45759.68,Credit,43368.1672672738,212.4827327262028,0.48756210090075025,2026-04-08|C002|ITM006|43580.65,1,4.448565763657724,False,False,False,False,False,False,0,Low,normal pattern,2026-04
INV1007,2026-05-18,C002,Sri Lakshmi Stores,Ambattur,Retail,ITM007,Router,Networking,2,2391.35,10,4304.43,774.8,5079.23,Cash,4098.798513487667,205.63148651233314,4.777205960192943,2026-05-18|C002|ITM007|4304.43,1,4.329635139674788,False,False,False,False,False,False,0,Low,normal pattern,2026-05
INV1008,2026-05-28,C004,Greenline Enterprises,Avadi,Corporate,ITM002,Monitor,Electronics,1,12376.38,10,11138.74,1336.65,12475.39,Bank,10662.147098377845,476.5929016221544,4.278696707366851,2026-05-28|C004|ITM002|11138.74,1,1.5482015049611426,False,False,False,False,False,False,0,Low,normal pattern,2026-05
INV1009,2026-03-01,C002,Sri Lakshmi Stores,Ambattur,Retail,ITM007,Router,Networking,5,2292.13,10,10314.59,1237.75,11552.34,UPI,8515.95579077814,1798.6342092218601,17.437767368570732,2026-03-01|C002|ITM007|10314.59,1,0.0008725584723238329,False,False,False,False,False,False,0,Low,normal pattern,2026-03
INV1010,2026-04-05,C006,Vetri Agencies,Poonamallee,Wholesale,ITM004,Printer,Electronics,5,11334.59,8,52139.11,9385.04,61524.15,Bank,45398.969953030544,6740.140046969456,12.92722496983446,2026-04-05|C006|ITM004|52139.11,1,2.6656908468889786,False,False,False,False,False,False,0,Low,normal pattern,2026-04
INV1011,2026-06-05,C003,Metro Office Mart,Chennai,Corporate,ITM009,External SSD,Storage,4,5200.91,2,20387.57,2446.51,22834.08,UPI,16367.13154959226,4020.438450407739,19.72004731514221,2026-06-05|C003|ITM009|20387.57,1,4.740004029525447,False,False,False,False,False,False,0,Low,normal pattern,2026-06
INV1012,2026-06-25,C006,Vetri Agencies,Poonamallee,Wholesale,ITM001,Laptop,Electronics,4,53825.07,10,193770.25,23252.43,217022.68,Credit,190932.09868679417,2838.1513132058317,1.4646992059956736,2026-06-25|C006|ITM001|193770.25,1,3.663031740587186,True,False,False,False,False,False,20,Low,unusually high transaction value,2026-06
INV1013,2026-03-10,C002,Sri Lakshmi Stores,Ambattur,Retail,ITM004,Printer,Electronics,6,9832.76,2,57816.63,6938.0,64754.63,Credit,49314.972093974306,8501.657906025692,14.704519972931132,2026-03-10|C002|ITM004|57816.63,1,10.937484432021265,False,False,False,False,False,False,0,Low,normal pattern,2026-03
INV1014,2026-02-06,C005,Delta Distributors,Redhills,Wholesale,ITM003,Keyboard,Accessories,4,985.18,5,3743.68,449.24,4192.92,Credit,3420.927566036752,322.75243396324777,8.621261271349255,2026-02-06|C005|ITM003|3743.68,1,19.171636284459698,False,False,False,False,False,False,0,Low,normal pattern,2026-02
INV1015,2026-05-30,C007,Prime Tech Solutions,Guindy,Corporate,ITM006,Desk,Furniture,4,9009.62,0,36038.48,6486.93,42525.41,Credit,28824.100872507865,7214.379127492139,20.018544421108043,2026-05-30|C007|ITM006|36038.48,1,16.60281929295074,False,False,False,False,False,False,0,Low,normal pattern,2026-05
INV1016,2026-01-24,C001,Arun Traders,Chennai,Retail,ITM002,Monitor,Electronics,3,12291.16,10,33186.13,5973.5,39159.63,Credit,28057.140443332173,5128.989556667824,15.455220469117142,2026-01-24|C001|ITM002|33186.13,1,0.8489713801384786,False,False,False,False,False,False,0,Low,normal pattern,2026-01
INV1017,2026-06-02,C002,Sri Lakshmi Stores,Ambattur,Retail,ITM007,Router,Networking,7,2435.46,2,16707.26,3007.31,19714.57,Cash,13976.56142238584,2730.698577614159,16.34438308624011,2026-06-02|C002|ITM007|16707.26,1,6.254062850386758,False,False,False,False,False,False,0,Low,normal pattern,2026-06
INV1018,2026-05-22,C001,Arun Traders,Chennai,Retail,ITM002,Monitor,Electronics,5,12646.87,0,63234.35,3161.72,66396.07,Cash,46255.111687535595,16979.238312464404,26.851289390124837,2026-05-22|C001|ITM002|63234.35,1,3.7675720337488094,False,False,False,False,False,False,0,Low,normal pattern,2026-05
INV1019,2026-04-22,C003,Metro Office Mart,Chennai,Corporate,ITM008,UPS,Electronics,1,5025.52,8,4623.48,554.82,5178.3,UPI,4367.0442613449895,256.43573865501,5.5463793215285895,2026-04-22|C003|ITM008|4623.48,1,18.934832822143964,False,False,False,False,False,False,0,Low,normal pattern,2026-04
INV1020,2026-05-10,C002,Sri Lakshmi Stores,Ambattur,Retail,ITM005,Office Chair,Furniture,4,5616.71,10,20220.16,1011.01,21231.17,Bank,18730.59533797888,1489.5646620211191,7.366730342495406,2026-05-10|C002|ITM005|20220.16,1,13.74420465347706,False,False,False,False,False,False,0,Low,normal pattern,2026-05
INV1021,2026-06-03,C006,Vetri Agencies,Poonamallee,Wholesale,ITM008,UPS,Electronics,1,3740.71,0,3740.71,448.89,4189.6,UPI,3203.752750238657,536.9572497613431,14.354420678463262,2026-06-03|C006|ITM008|3740.71,1,11.471704721875128,False,False,False,False,False,False,0,Low,normal pattern,2026-06
INV1022,2026-01-15,C004,Greenline Enterprises,Avadi,Corporate,ITM010,Barcode Scanner,POS,2,6495.82,2,12731.81,636.59,13368.4,UPI,10183.03807474705,2548.7719252529496,20.01892837902034,2026-01-15|C004|ITM010|12731.81,1,12.27335924960312,False,False,False,False,False,False,0,Low,normal pattern,2026-01
INV1023,2026-02-02,C008,Bright Retail Hub,Anna Nagar,Retail,ITM009,External SSD,Storage,3,5390.6,10,14554.62,2619.83,17174.45,Credit,14469.324175963711,85.29582403628956,0.5860395121019274,2026-02-02|C008|ITM009|14554.62,1,1.265637306079095,False,False,False,False,False,False,0,Low,normal pattern,2026-02
INV1024,2026-02-24,C004,Greenline Enterprises,Avadi,Corporate,ITM005,Office Chair,Furniture,7,7340.08,8,47270.12,5672.41,52942.53,Credit,45254.03460504524,2016.08539495476,4.265031260666907,2026-02-24|C004|ITM005|47270.12,1,12.721582262054849,False,False,False,False,False,False,0,Low,normal pattern,2026-02
INV1025,2026-05-13,C008,Bright Retail Hub,Anna Nagar,Retail,ITM002,Monitor,Electronics,4,11276.24,0,45104.96,2255.25,47360.21,UPI,38795.18337003099,6309.776629969012,13.989097052672284,2026-05-13|C008|ITM002|45104.96,1,7.478447515484893,False,False,False,False,False,False,0,Low,normal pattern,2026-05
INV1026,2026-05-31,C004,Greenline Enterprises,Avadi,Corporate,ITM001,Laptop,Electronics,2,53150.42,0,106300.84,5315.04,111615.88,Bank,80260.85126541217,26039.988734587823,24.496503258664582,2026-05-31|C004|ITM001|106300.84,3,2.363706642379468,False,False,False,False,True,False,30,Medium,possible duplicate voucher,2026-05
INV1027,2026-01-09,C006,Vetri Agencies,Poonamallee,Wholesale,ITM002,Monitor,Electronics,4,11411.76,2,44734.1,2236.7,46970.8,UPI,36700.66661867425,8033.433381325747,17.9581871130206,2026-01-09|C006|ITM002|44734.1,1,6.366505876010961,False,False,False,False,False,False,0,Low,normal pattern,2026-01
INV1028,2026-05-27,C008,Bright Retail Hub,Anna Nagar,Retail,ITM004,Printer,Electronics,8,11659.02,0,93272.16,4663.61,97935.77,Bank,67891.3761331996,25380.783866800397,27.211532215829887,2026-05-27|C008|ITM004|93272.16,1,5.604291191626302,False,False,True,False,False,False,10,Low,unusually high quantity,2026-05
INV1029,2026-06-18,C007,Prime Tech Solutions,Guindy,Corporate,ITM006,Desk,Furniture,7,7610.89,10,47948.61,8630.75,56579.36,Bank,39838.478843875295,8110.131156124706,16.914215357076472,2026-06-18|C007|ITM006|47948.61,1,1.49959362009432,False,False,False,False,False,False,0,Low,normal pattern,2026-06
INV1030,2026-06-22,C002,Sri Lakshmi Stores,Ambattur,Retail,ITM001,Laptop,Electronics,7,53271.02,10,335607.43,16780.37,352387.8,UPI,314333.20100593887,21274.228994061123,6.339022051466834,2026-06-22|C002|ITM001|335607.43,1,2.595973161083757,True,False,False,False,False,False,20,Low,unusually high transaction value,2026-06
INV1031,2026-02-19,C004,Greenline Enterprises,Avadi,Corporate,ITM009,External SSD,Storage,8,5157.58,0,41260.64,4951.28,46211.92,Credit,35238.946176096535,6021.693823903464,14.594281193659295,2026-02-19|C004|ITM009|41260.64,1,5.533637379343202,False,False,True,False,False,False,10,Low,unusually high quantity,2026-02
INV1032,2026-03-05,C002,Sri Lakshmi Stores,Ambattur,Retail,ITM008,UPS,Electronics,2,3647.2,5,6929.68,346.48,7276.16,Bank,6522.300538608259,407.37946139174164,5.87876296440444,2026-03-05|C002|ITM008|6929.68,1,13.684728690976575,False,False,False,False,False,False,0,Low,normal pattern,2026-03
INV1033,2026-03-02,C003,Metro Office Mart,Chennai,Corporate,ITM007,Router,Networking,8,2320.25,10,16705.8,2004.7,18710.5,Bank,14453.274653596867,2252.525346403132,13.48349283723696,2026-03-02|C003|ITM007|16705.8,1,1.2276897705607441,False,False,True,False,False,False,10,Low,unusually high quantity,2026-03
INV1034,2026-02-12,C007,Prime Tech Solutions,Guindy,Corporate,ITM001,Laptop,Electronics,7,50530.0,10,318339.0,38200.68,356539.68,Cash,278257.55447188683,40081.44552811317,12.59080587930262,2026-02-12|C007|ITM001|318339.0,1,2.6830249574803986,True,False,False,False,False,True,35,Medium,unusually high transaction value; high-value cash transaction,2026-02
INV1035,2026-04-19,C008,Bright Retail Hub,Anna Nagar,Retail,ITM003,Keyboard,Accessories,4,822.0,0,3288.0,591.84,3879.84,Bank,2645.2619113454743,642.7380886545257,19.547995397035454,2026-04-19|C008|ITM003|3288.0,1,0.5673226965367978,False,False,False,False,False,False,0,Low,normal pattern,2026-04
INV1036,2026-03-22,C001,Arun Traders,Chennai,Retail,ITM001,Laptop,Electronics,8,51936.87,10,373945.46,67310.18,441255.64,UPI,313326.76225749677,60618.69774250325,16.210571922039982,2026-03-22|C001|ITM001|373945.46,1,0.026500723858802058,True,False,True,False,False,False,30,Medium,unusually high transaction value; unusually high quantity,2026-03
INV1037,2026-01-15,C002,Sri Lakshmi Stores,Ambattur,Retail,ITM003,Keyboard,Accessories,2,930.59,8,1712.29,85.61,1797.9,Credit,1383.5749153140491,328.71508468595084,19.197395574695342,2026-01-15|C002|ITM003|1712.29,1,12.568193639695648,False,False,False,False,False,False,0,Low,normal pattern,2026-01
INV1038,2026-01-31,C004,Greenline Enterprises,Avadi,Corporate,ITM010,Barcode Scanner,POS,1,7566.48,2,7415.15,1334.73,8749.88,Cash,6095.7597258342,1319.3902741657994,17.793170389888264,2026-01-31|C004|ITM010|7415.15,1,2.186001567941072,False,False,False,False,False,False,0,Low,normal pattern,2026-01
INV1039,2026-03-08,C004,Greenline Enterprises,Avadi,Corporate,ITM006,Desk,Furniture,4,7263.76,0,29055.04,5229.91,34284.95,Cash,22106.34363834853,6948.6963616514695,23.91563171708409,2026-03-08|C004|ITM006|29055.04,1,5.992162303475195,False,False,False,False,False,False,0,Low,normal pattern,2026-03
INV1040,2026-04-28,C006,Vetri Agencies,Poonamallee,Wholesale,ITM002,Monitor,Electronics,1,11864.88,5,11271.64,563.58,11835.22,Bank,9973.220880461151,1298.4191195388485,11.519345184364019,2026-04-28|C006|ITM002|11271.64,1,2.6486561440273038,False,False,False,False,False,False,0,Low,normal pattern,2026-04
INV1041,2026-05-18,C004,Greenline Enterprises,Avadi,Corporate,ITM009,External SSD,Storage,5,5143.16,0,25715.8,1285.79,27001.59,UPI,20538.884036760675,5176.915963239324,20.131265460298042,2026-05-18|C004|ITM009|25715.8,1,5.797754455373021,False,False,False,False,False,False,0,Low,normal pattern,2026-05
INV1042,2026-04-05,C005,Delta Distributors,Redhills,Wholesale,ITM003,Keyboard,Accessories,8,1017.48,8,7488.65,898.64,8387.29,Bank,7080.700911731897,407.94908826810297,5.44756515884843,2026-04-05|C005|ITM003|7488.65,1,23.078784066578763,False,False,True,False,False,False,10,Low,unusually high quantity,2026-04
INV1043,2026-06-20,C005,Delta Distributors,Redhills,Wholesale,ITM002,Monitor,Electronics,3,11376.45,0,34129.35,6143.28,40272.63,UPI,28875.058696623688,5254.291303376311,15.395228163959498,2026-06-20|C005|ITM002|34129.35,1,6.6562244362959655,False,False,False,False,False,False,0,Low,normal pattern,2026-06
INV1044,2026-03-11,C005,Delta Distributors,Redhills,Wholesale,ITM010,Barcode Scanner,POS,4,7763.53,0,31054.12,5589.74,36643.86,Cash,24105.015209785473,6949.104790214526,22.37740045512327,2026-03-11|C005|ITM010|31054.12,1,4.847179765592133,False,False,False,False,False,False,0,Low,normal pattern,2026-03
INV1045,2026-05-10,C008,Bright Retail Hub,Anna Nagar,Retail,ITM005,Office Chair,Furniture,1,5492.84,2,5382.98,645.96,6028.94,Bank,4777.709386949211,605.2706130507886,11.244154967151813,2026-05-10|C008|ITM005|5382.98,1,15.646475799677201,False,False,False,False,False,False,0,Low,normal pattern,2026-05
INV1046,2026-01-01,C006,Vetri Agencies,Poonamallee,Wholesale,ITM003,Keyboard,Accessories,5,772.82,2,3786.82,681.63,4468.45,Credit,3341.896191684611,444.9238083153891,11.749272696230323,2026-01-01|C006|ITM003|3786.82,1,6.516348328877814,False,False,False,False,False,False,0,Low,normal pattern,2026-01
INV1047,2026-05-24,C001,Arun Traders,Chennai,Retail,ITM002,Monitor,Electronics,2,13091.53,8,24088.42,1204.42,25292.84,Bank,20677.969736432962,3410.450263567036,14.158048820001628,2026-05-24|C001|ITM002|24088.42,1,7.416007463268266,False,False,False,False,False,False,0,Low,normal pattern,2026-05
INV1048,2026-04-05,C003,Metro Office Mart,Chennai,Corporate,ITM007,Router,Networking,3,1878.08,0,5634.24,281.71,5915.95,Cash,4349.064552531829,1285.1754474681711,22.81009412925561,2026-04-05|C003|ITM007|5634.24,1,18.063269214828267,False,False,False,False,False,False,0,Low,normal pattern,2026-04
INV1049,2026-02-23,C004,Greenline Enterprises,Avadi,Corporate,ITM002,Monitor,Electronics,6,12675.89,10,68449.81,8213.98,76663.79,UPI,64103.18176859186,4346.62823140814,6.35009539311817,2026-02-23|C004|ITM002|68449.81,1,4.005681142201671,False,False,False,False,False,False,0,Low,normal pattern,2026-02
INV1050,2026-03-02,C003,Metro Office Mart,Chennai,Corporate,ITM003,Keyboard,Accessories,7,723.02,8,4656.25,558.75,5215.0,Credit,3771.3360392809955,884.9139607190045,19.004863585911508,2026-03-02|C003|ITM003|4656.25,1,12.540371844343113,False,False,False,False,False,False,0,Low,normal pattern,2026-03
INV1051,2026-06-21,C004,Greenline Enterprises,Avadi,Corporate,ITM005,Office Chair,Furniture,3,6914.97,0,20744.91,2489.39,23234.3,Bank,15682.80918034942,5062.100819650579,24.401652355448057,2026-06-21|C004|ITM005|20744.91,1,6.1931695151335475,False,False,False,False,False,False,0,Low,normal pattern,2026-06
INV1052,2026-05-01,C004,Greenline Enterprises,Avadi,Corporate,ITM004,Printer,Electronics,8,10253.45,10,73824.84,3691.24,77516.08,UPI,59168.57567728097,14656.264322719027,19.85275460497988,2026-05-01|C004|ITM004|73824.84,1,7.126986700530511,False,False,True,False,False,False,10,Low,unusually high quantity,2026-05
INV1053,2026-01-07,C004,Greenline Enterprises,Avadi,Corporate,ITM007,Router,Networking,6,2116.27,0,12697.62,1523.71,14221.33,Cash,10940.858408566566,1756.7615914334347,13.835361204961515,2026-01-07|C004|ITM007|12697.62,1,7.671534088678124,False,False,False,False,False,False,0,Low,normal pattern,2026-01
INV1054,2026-06-14,C007,Prime Tech Solutions,Guindy,Corporate,ITM009,External SSD,Storage,6,6648.62,0,39891.72,4787.01,44678.73,UPI,33496.006358327315,6395.713641672686,16.03268458134341,2026-06-14|C007|ITM009|39891.72,1,21.776288074436305,False,False,False,False,False,False,0,Low,normal pattern,2026-06
INV1055,2026-05-29,C005,Delta Distributors,Redhills,Wholesale,ITM001,Laptop,Electronics,2,52491.7,0,104983.4,18897.01,123880.41,Cash,88913.56662188639,16069.833378113603,15.30702318472597,2026-05-29|C005|ITM001|104983.4,1,1.0950615246274664,True,False,False,False,False,False,20,Low,unusually high transaction value,2026-05
INV1056,2026-04-22,C002,Sri Lakshmi Stores,Ambattur,Retail,ITM007,Router,Networking,4,2092.25,8,7699.48,923.94,8623.42,Bank,7201.7858269121125,497.69417308788707,6.46399721913541,2026-04-22|C002|ITM007|7699.48,1,8.71947681394,False,False,False,False,False,False,0,Low,normal pattern,2026-04
INV1057,2026-05-14,C004,Greenline Enterprises,Avadi,Corporate,ITM006,Desk,Furniture,7,6796.96,8,43772.42,5252.69,49025.11,Cash,38186.91093382588,5585.50906617412,12.760338738808866,2026-05-14|C004|ITM006|43772.42,1,12.033504340758611,False,False,False,False,False,False,0,Low,normal pattern,2026-05
INV1058,2026-06-19,C002,Sri Lakshmi Stores,Ambattur,Retail,ITM005,Office Chair,Furniture,5,6668.46,0,33342.3,4001.08,37343.38,Cash,27419.82112400763,5922.478875992372,17.76265847284792,2026-06-19|C002|ITM005|33342.3,1,2.4075163283264334,False,False,False,False,False,False,0,Low,normal pattern,2026-06
INV1059,2026-05-22,C003,Metro Office Mart,Chennai,Corporate,ITM004,Printer,Electronics,7,11221.33,2,76978.32,13856.1,90834.42,UPI,58532.075593739784,18446.244406260223,23.962908525751434,2026-05-22|C003|ITM004|76978.32,1,1.639811997692081,False,False,False,False,False,False,0,Low,normal pattern,2026-05
INV1060,2026-06-07,C005,Delta Distributors,Redhills,Wholesale,ITM007,Router,Networking,1,2141.7,0,2141.7,257.0,2398.7,Cash,1586.1760305285588,555.523969471441,25.93845867635248,2026-06-07|C005|ITM007|2141.7,1,6.562075991117368,False,False,False,False,False,False,0,Low,normal pattern,2026-06
INV1061,2026-04-30,C008,Bright Retail Hub,Anna Nagar,Retail,ITM008,UPS,Electronics,4,4350.05,10,15660.18,2818.83,18479.01,UPI,14621.606138834382,1038.573861165618,6.631940764190563,2026-04-30|C008|ITM008|15660.18,1,2.9490419932598657,False,False,False,False,False,False,0,Low,normal pattern,2026-04
INV1062,2026-06-18,C002,Sri Lakshmi Stores,Ambattur,Retail,ITM005,Office Chair,Furniture,6,5495.07,10,29673.38,1483.67,31157.05,Cash,26534.50555985022,3138.8744401497825,10.578081904217795,2026-06-18|C002|ITM005|29673.38,1,15.612229697666821,False,False,False,False,False,False,0,Low,normal pattern,2026-06
INV1063,2026-02-27,C004,Greenline Enterprises,Avadi,Corporate,ITM003,Keyboard,Accessories,1,730.82,2,716.2,128.92,845.12,Bank,600.5458532409449,115.65414675905515,16.148303093975866,2026-02-27|C004|ITM003|716.2,1,11.59685008890878,False,False,False,False,False,False,0,Low,normal pattern,2026-02
INV1064,2026-04-27,C007,Prime Tech Solutions,Guindy,Corporate,ITM010,Barcode Scanner,POS,4,7765.0,2,30438.8,3652.66,34091.46,Credit,26640.155612041515,3798.644387958484,12.479612822970958,2026-04-27|C007|ITM010|30438.8,1,4.867032249482252,False,False,False,False,False,False,0,Low,normal pattern,2026-04
INV1065,2026-03-04,C003,Metro Office Mart,Chennai,Corporate,ITM001,Laptop,Electronics,2,53568.25,0,107136.5,5356.83,112493.33,Credit,89378.5498723338,17757.950127666205,16.575070239989365,2026-03-04|C003|ITM001|107136.5,1,3.168415759379589,False,False,False,False,False,False,0,Low,normal pattern,2026-03
INV1066,2026-01-13,C004,Greenline Enterprises,Avadi,Corporate,ITM002,Monitor,Electronics,8,11046.01,2,86600.72,15588.13,102188.85,Cash,72430.39237746561,14170.327622534387,16.362828880099826,2026-01-13|C004|ITM002|86600.72,1,9.36748473254571,False,False,True,False,False,False,10,Low,unusually high quantity,2026-01
INV1067,2026-04-24,C007,Prime Tech Solutions,Guindy,Corporate,ITM009,External SSD,Storage,8,6570.19,8,48356.6,5802.79,54159.39,Credit,43134.994505459385,5221.605494540614,10.798123719493542,2026-04-24|C007|ITM009|48356.6,1,20.3397622579995,False,False,True,False,False,False,10,Low,unusually high quantity,2026-04
INV1068,2026-03-08,C004,Greenline Enterprises,Avadi,Corporate,ITM005,Office Chair,Furniture,8,6586.33,0,52690.64,6322.88,59013.52,Bank,40820.019335096724,11870.620664903276,22.52889823487298,2026-03-08|C004|ITM005|52690.64,1,1.1462462125807495,False,False,True,False,False,False,10,Low,unusually high quantity,2026-03
INV1069,2026-03-15,C004,Greenline Enterprises,Avadi,Corporate,ITM005,Office Chair,Furniture,6,5958.13,5,33961.34,1698.07,35659.41,UPI,25937.42759784822,8023.912402151778,23.62660720145842,2026-03-15|C004|ITM005|33961.34,1,8.501018936712287,False,False,False,False,False,False,0,Low,normal pattern,2026-03
INV1070,2026-02-08,C004,Greenline Enterprises,Avadi,Corporate,ITM007,Router,Networking,3,2546.66,0,7639.98,916.8,8556.78,Credit,6101.357781489743,1538.622218510257,20.139086993817486,2026-02-08|C004|ITM007|7639.98,1,11.105487956511674,False,False,False,False,False,False,0,Low,normal pattern,2026-02
INV1071,2026-03-26,C008,Bright Retail Hub,Anna Nagar,Retail,ITM007,Router,Networking,1,2044.08,2,2003.2,240.38,2243.58,Bank,1550.6906828430497,452.5093171569504,22.589322941141692,2026-03-26|C008|ITM007|2003.2,1,10.821033894533866,False,False,False,False,False,False,0,Low,normal pattern,2026-03
INV1072,2026-05-28,C007,Prime Tech Solutions,Guindy,Corporate,ITM008,UPS,Electronics,1,5008.62,0,5008.62,601.03,5609.65,Credit,3974.516052395775,1034.1039476042247,20.646484412956557,2026-05-28|C007|ITM008|5008.62,1,18.53487447461091,False,False,False,False,False,False,0,Low,normal pattern,2026-05
INV1073,2026-05-18,C004,Greenline Enterprises,Avadi,Corporate,ITM008,UPS,Electronics,4,3986.5,2,15627.08,781.35,16408.43,Credit,13930.625773140153,1696.454226859847,10.855861919564289,2026-05-18|C004|ITM008|15627.08,1,5.654795713582502,False,False,False,False,False,False,0,Low,normal pattern,2026-05
INV1074,2026-03-28,C007,Prime Tech Solutions,Guindy,Corporate,ITM003,Keyboard,Accessories,8,1048.71,5,7970.2,1434.64,9404.84,Bank,6393.851536639452,1576.3484633605476,19.77802894984502,2026-03-28|C007|ITM003|7970.2,1,26.856500018144647,False,False,True,False,False,False,10,Low,unusually high quantity,2026-03
INV1075,2026-04-11,C001,Arun Traders,Chennai,Retail,ITM002,Monitor,Electronics,7,11051.96,2,75816.45,3790.82,79607.27,Bank,56513.771456987735,19302.67854301226,25.4597498867492,2026-04-11|C001|ITM002|75816.45,1,9.318664980812617,False,False,False,False,False,False,0,Low,normal pattern,2026-04
INV1076,2026-03-08,C007,Prime Tech Solutions,Guindy,Corporate,ITM006,Desk,Furniture,4,7714.91,0,30859.64,3703.16,34562.8,Cash,23781.953809727584,7077.686190272416,22.93508994360406,2026-03-08|C007|ITM006|30859.64,1,0.15336311727037416,False,False,False,False,False,False,0,Low,normal pattern,2026-03
INV1077,2026-04-18,C005,Delta Distributors,Redhills,Wholesale,ITM002,Monitor,Electronics,8,10758.85,5,81767.26,4088.36,85855.62,Cash,66519.54892907724,15247.711070922756,18.647697221262835,2026-04-18|C005|ITM002|81767.26,1,11.723632616188958,False,False,True,False,False,False,10,Low,unusually high quantity,2026-04
INV1078,2026-02-27,C002,Sri Lakshmi Stores,Ambattur,Retail,ITM001,Laptop,Electronics,1,54581.7,0,54581.7,2729.09,57310.79,UPI,45801.95915373641,8779.740846263587,16.08550273491589,2026-02-27|C002|ITM001|54581.7,1,5.120244145622242,False,False,False,False,False,False,0,Low,normal pattern,2026-02
INV1079,2026-03-03,C003,Metro Office Mart,Chennai,Corporate,ITM008,UPS,Electronics,2,4430.62,0,8861.24,1063.35,9924.59,Cash,7268.572006130273,1592.667993869727,17.973421257856995,2026-03-03|C003|ITM008|8861.24,1,4.85582566549281,False,False,False,False,False,False,0,Low,normal pattern,2026-03
INV1080,2026-04-05,C003,Metro Office Mart,Chennai,Corporate,ITM010,Barcode Scanner,POS,2,7884.25,0,15768.5,1892.22,17660.72,Bank,13578.281803853008,2190.2181961469923,13.889832236084551,2026-04-05|C003|ITM010|15768.5,1,6.477514360976231,False,False,False,False,False,False,0,Low,normal pattern,2026-04
INV1081,2026-05-29,C001,Arun Traders,Chennai,Retail,ITM005,Office Chair,Furniture,7,6115.55,8,39384.14,1969.21,41353.35,Bank,35941.30176615193,3442.838233848066,8.741686968023336,2026-05-29|C001|ITM005|39384.14,1,6.083520560714658,False,False,False,False,False,False,0,Low,normal pattern,2026-05
INV1082,2026-06-01,C004,Greenline Enterprises,Avadi,Corporate,ITM002,Monitor,Electronics,5,12852.74,5,61050.51,3052.53,64103.04,Bank,50970.730202554725,10079.779797445277,16.51055789287473,2026-06-01|C004|ITM002|61050.51,1,5.456735443714102,False,False,False,False,False,False,0,Low,normal pattern,2026-06
INV1083,2026-03-30,C007,Prime Tech Solutions,Guindy,Corporate,ITM006,Desk,Furniture,2,7837.22,0,15674.44,783.72,16458.16,Credit,13582.273262080442,2092.1667379195587,13.347633076011384,2026-03-30|C007|ITM006|15674.44,1,1.4295772095936723,False,False,False,False,False,False,0,Low,normal pattern,2026-03
INV1084,2026-05-06,C002,Sri Lakshmi Stores,Ambattur,Retail,ITM007,Router,Networking,6,2475.4,10,13367.16,1604.06,14971.22,UPI,11140.118747214694,2227.041252785306,16.66054160184591,2026-05-06|C002|ITM007|13367.16,1,7.996562119619038,False,False,False,False,False,False,0,Low,normal pattern,2026-05
INV1085,2026-04-22,C003,Metro Office Mart,Chennai,Corporate,ITM009,External SSD,Storage,5,6045.29,5,28715.13,3445.82,32160.95,Credit,21886.614961735857,6828.515038264144,23.780198934374123,2026-04-22|C003|ITM009|28715.13,1,10.725680898217835,False,False,False,False,False,False,0,Low,normal pattern,2026-04
INV1086,2026-04-22,C005,Delta Distributors,Redhills,Wholesale,ITM006,Desk,Furniture,4,8612.12,0,34448.48,4133.82,38582.3,Credit,25361.26774757505,9087.212252424953,26.379138506038448,2026-04-22|C005|ITM006|34448.48,1,11.4583602959067,False,False,False,False,False,False,0,Low,normal pattern,2026-04
INV1087,2026-03-04,C008,Bright Retail Hub,Anna Nagar,Retail,ITM010,Barcode Scanner,POS,7,6998.81,2,48011.84,5761.42,53773.26,UPI,41644.12876665041,6367.71123334959,13.262793580395149,2026-03-04|C008|ITM010|48011.84,1,5.480433486413533,False,False,False,False,False,False,0,Low,normal pattern,2026-03
INV1088,2026-05-05,C004,Greenline Enterprises,Avadi,Corporate,ITM006,Desk,Furniture,5,7442.05,5,35349.74,6362.95,41712.69,Cash,29884.962097253105,5464.777902746893,15.45917424780746,2026-05-05|C004|ITM006|35349.74,1,3.6847268454048008,False,False,False,False,False,False,0,Low,normal pattern,2026-05
INV1089,2026-05-23,C001,Arun Traders,Chennai,Retail,ITM009,External SSD,Storage,4,5055.75,8,18605.16,2232.62,20837.78,Credit,15147.611853731374,3457.5481462686257,18.583813018907797,2026-05-23|C001|ITM009|18605.16,1,7.398758173526031,False,False,False,False,False,False,0,Low,normal pattern,2026-05
INV1090,2026-05-23,C004,Greenline Enterprises,Avadi,Corporate,ITM008,UPS,Electronics,8,4253.91,0,34031.28,1701.56,35732.84,Cash,27571.736706134325,6459.543293865674,18.98119404813946,2026-05-23|C004|ITM008|34031.28,1,0.6737759854594868,False,False,True,False,False,False,10,Low,unusually high quantity,2026-05
INV1091,2026-02-26,C007,Prime Tech Solutions,Guindy,Corporate,ITM004,Printer,Electronics,5,11218.36,0,56091.8,6731.02,62822.82,Cash,41923.91880053397,14167.881199466035,25.258382151162976,2026-02-26|C007|ITM004|56091.8,1,1.6129105304299045,False,False,False,False,False,False,0,Low,normal pattern,2026-02
INV1092,2026-04-19,C006,Vetri Agencies,Poonamallee,Wholesale,ITM006,Desk,Furniture,8,7276.41,0,58211.28,2910.56,61121.84,Bank,49208.18765820392,9003.09234179608,15.466233248600753,2026-04-19|C006|ITM006|58211.28,1,5.828445558034679,False,False,True,False,False,False,10,Low,unusually high quantity,2026-04
INV1093,2026-02-19,C006,Vetri Agencies,Poonamallee,Wholesale,ITM002,Monitor,Electronics,3,11192.68,8,30891.8,3707.02,34598.82,Cash,26872.77838814565,4019.0216118543503,13.00999492374789,2026-02-19|C006|ITM002|30891.8,1,8.164057339824037,False,False,False,False,False,False,0,Low,normal pattern,2026-02
INV1094,2026-05-31,C005,Delta Distributors,Redhills,Wholesale,ITM002,Monitor,Electronics,4,11456.54,0,45826.16,2291.31,48117.47,Cash,36137.76834068885,9688.391659311157,21.14161793026332,2026-05-31|C005|ITM002|45826.16,1,5.999085962967548,False,False,False,False,False,False,0,Low,normal pattern,2026-05
INV1095,2026-01-04,C003,Metro Office Mart,Chennai,Corporate,ITM005,Office Chair,Furniture,1,7297.41,5,6932.54,831.9,7764.44,UPI,5650.181520204349,1282.358479795651,18.497671557548184,2026-01-04|C003|ITM005|6932.54,1,12.06629922493238,False,False,False,False,False,False,0,Low,normal pattern,2026-01
INV1096,2026-06-13,C008,Bright Retail Hub,Anna Nagar,Retail,ITM002,Monitor,Electronics,1,12156.64,2,11913.51,1429.62,13343.13,Credit,10131.962144906303,1781.5478550936969,14.95401317574499,2026-06-13|C008|ITM002|11913.51,1,0.25476525904417563,False,False,False,False,False,False,0,Low,normal pattern,2026-06
INV1097,2026-03-29,C003,Metro Office Mart,Chennai,Corporate,ITM001,Laptop,Electronics,5,54531.1,2,267202.39,13360.12,280562.51,Bank,214068.99568261317,53133.39431738685,19.88507450003978,2026-03-29|C003|ITM001|267202.39,1,5.022792355850791,True,False,False,False,False,False,20,Low,unusually high transaction value,2026-03
INV1098,2026-04-13,C008,Bright Retail Hub,Anna Nagar,Retail,ITM002,Monitor,Electronics,1,11092.35,10,9983.11,1796.96,11780.07,Cash,8161.495844854672,1821.6141551453284,18.246960668021572,2026-04-13|C008|ITM002|9983.11,1,8.987265019047909,False,False,False,False,False,False,0,Low,normal pattern,2026-04
INV1099,2026-01-22,C004,Greenline Enterprises,Avadi,Corporate,ITM002,Monitor,Electronics,7,12237.92,10,77098.9,13877.8,90976.7,UPI,63498.74175499516,13600.158245004837,17.639886230549124,2026-01-22|C004|ITM002|77098.9,1,0.4121371646308657,False,False,False,False,False,False,0,Low,normal pattern,2026-01
INV1100,2026-05-14,C007,Prime Tech Solutions,Guindy,Corporate,ITM008,UPS,Electronics,8,4023.76,5,30580.58,3669.67,34250.25,Cash,28750.298899259167,1830.2811007408345,5.985109179553934,2026-05-14|C007|ITM008|30580.58,1,4.772994055056994,False,False,True,False,False,False,10,Low,unusually high quantity,2026-05
INV1101,2026-05-26,C001,Arun Traders,Chennai,Retail,ITM010,Barcode Scanner,POS,2,8224.87,0,16449.74,2960.95,19410.69,UPI,14534.077703608902,1915.6622963910995,11.645547567263066,2026-05-26|C001|ITM010|16449.74,1,11.077618485228482,False,False,False,False,False,False,0,Low,normal pattern,2026-05
INV1102,2026-03-09,C002,Sri Lakshmi Stores,Ambattur,Retail,ITM003,Keyboard,Accessories,4,777.27,0,3109.08,155.45,3264.53,Bank,2630.1177820058983,478.9622179941016,15.405271591406514,2026-03-09|C002|ITM003|3109.08,1,5.978057070969779,False,False,False,False,False,False,0,Low,normal pattern,2026-03
INV1103,2026-04-15,C008,Bright Retail Hub,Anna Nagar,Retail,ITM010,Barcode Scanner,POS,8,6908.27,0,55266.16,6631.94,61898.1,Cash,42436.485329258816,12829.674670741188,23.21434069372865,2026-04-15|C008|ITM010|55266.16,1,6.703184432951604,False,False,True,False,False,False,10,Low,unusually high quantity,2026-04
INV1104,2026-06-29,C008,Bright Retail Hub,Anna Nagar,Retail,ITM002,Monitor,Electronics,4,13038.26,10,46937.74,8448.79,55386.53,UPI,46648.37778747677,289.36221252322866,0.6164809224373152,2026-06-29|C008|ITM002|46937.74,1,6.978927097751909,False,False,False,False,False,False,0,Low,normal pattern,2026-06
INV1105,2026-04-19,C002,Sri Lakshmi Stores,Ambattur,Retail,ITM009,External SSD,Storage,4,6104.49,0,24417.96,1220.9,25638.86,Bank,21003.72271614011,3414.2372838598894,13.982483728615696,2026-04-19|C002|ITM009|24417.96,1,11.809989559865908,False,False,False,False,False,False,0,Low,normal pattern,2026-04
INV1106,2026-01-16,C003,Metro Office Mart,Chennai,Corporate,ITM005,Office Chair,Furniture,5,6202.51,2,30392.3,5470.61,35862.91,Cash,26330.90271044451,4061.3972895554907,13.363244274225677,2026-01-16|C003|ITM005|30392.3,1,4.748076152273837,False,False,False,False,False,False,0,Low,normal pattern,2026-01
INV1107,2026-06-29,C007,Prime Tech Solutions,Guindy,Corporate,ITM005,Office Chair,Furniture,8,6199.65,5,47117.34,2355.87,49473.21,Credit,39721.65701294266,7395.682987057335,15.696308380433477,2026-06-29|C007|ITM005|47117.34,1,4.791997162027075,False,False,True,False,False,False,10,Low,unusually high quantity,2026-06
INV1108,2026-03-24,C005,Delta Distributors,Redhills,Wholesale,ITM001,Laptop,Electronics,2,50315.23,8,92580.02,16664.4,109244.42,Bank,77385.17404792743,15194.845952072574,16.412662205163244,2026-03-24|C005|ITM001|92580.02,1,3.096655805093334,False,False,False,False,False,False,0,Low,normal pattern,2026-03
INV1109,2026-06-22,C005,Delta Distributors,Redhills,Wholesale,ITM010,Barcode Scanner,POS,1,7854.8,0,7854.8,942.58,8797.38,Credit,5791.739711314195,2063.060288685805,26.264962681237016,2026-06-22|C005|ITM010|7854.8,1,6.0797894286198595,False,False,False,False,False,False,0,Low,normal pattern,2026-06
INV1110,2026-03-13,C003,Metro Office Mart,Chennai,Corporate,ITM010,Barcode Scanner,POS,7,7597.38,2,52118.03,2605.9,54723.93,Credit,46931.136078272364,5186.893921727635,9.952206408660563,2026-03-13|C003|ITM010|52118.03,1,2.6033088823659343,False,False,False,False,False,False,0,Low,normal pattern,2026-03
INV1111,2026-03-31,C007,Prime Tech Solutions,Guindy,Corporate,ITM006,Desk,Furniture,6,8228.94,10,44436.28,2221.81,46658.09,Cash,39599.62100186047,4836.65899813953,10.884482225198711,2026-03-31|C007|ITM006|44436.28,1,6.499231243108369,False,False,False,False,False,False,0,Low,normal pattern,2026-03
INV1112,2026-04-16,C008,Bright Retail Hub,Anna Nagar,Retail,ITM005,Office Chair,Furniture,7,6968.56,5,46340.92,2317.05,48657.97,Credit,36898.37077421559,9442.549225784409,20.376266215224923,2026-04-16|C008|ITM005|46340.92,1,7.01615095313198,False,False,False,False,False,False,0,Low,normal pattern,2026-04
INV1113,2026-01-23,C006,Vetri Agencies,Poonamallee,Wholesale,ITM005,Office Chair,Furniture,6,5541.18,10,29922.37,3590.68,33513.05,Bank,25768.887184740004,4153.482815259995,13.88086176081639,2026-01-23|C006|ITM005|29922.37,1,14.904118592869134,False,False,False,False,False,False,0,Low,normal pattern,2026-01
INV1114,2026-06-18,C008,Bright Retail Hub,Anna Nagar,Retail,ITM007,Router,Networking,1,2024.71,0,2024.71,364.45,2389.16,Credit,1668.8864976178222,355.8235023821778,17.57404775904588,2026-06-18|C008|ITM007|2024.71,1,11.666106774980262,False,False,False,False,False,False,0,Low,normal pattern,2026-06
INV1115,2026-06-10,C008,Bright Retail Hub,Anna Nagar,Retail,ITM001,Laptop,Electronics,4,50540.97,0,202163.88,24259.67,226423.55,Credit,151990.6665019307,50173.21349806929,24.818089907093835,2026-06-10|C008|ITM001|202163.88,1,2.6618975635319213,True,False,False,False,False,False,20,Low,unusually high transaction value,2026-06
INV1116,2026-06-28,C008,Bright Retail Hub,Anna Nagar,Retail,ITM002,Monitor,Electronics,1,13162.33,5,12504.21,625.21,13129.42,UPI,11506.384780188768,997.8252198112314,7.979914123413086,2026-06-28|C008|ITM002|12504.21,1,7.996921483890708,False,False,False,False,False,False,0,Low,normal pattern,2026-06
INV1117,2026-03-21,C001,Arun Traders,Chennai,Retail,ITM009,External SSD,Storage,7,5069.93,10,31940.56,1597.03,33537.59,Credit,30397.95475907076,1542.6052409292424,4.829612382905129,2026-03-21|C001|ITM009|31940.56,1,7.139036943421807,False,False,False,False,False,False,0,Low,normal pattern,2026-03
INV1118,2026-01-31,C003,Metro Office Mart,Chennai,Corporate,ITM008,UPS,Electronics,5,4346.54,0,21732.7,2607.92,24340.62,Credit,18462.00106490309,3270.6989350969125,15.049666792883132,2026-01-31|C003|ITM008|21732.7,1,2.8659737210799214,False,False,False,False,False,False,0,Low,normal pattern,2026-01
INV1119,2026-05-01,C004,Greenline Enterprises,Avadi,Corporate,ITM008,UPS,Electronics,3,4155.35,5,11842.75,2131.69,13974.44,UPI,9945.124818927918,1897.6251810720823,16.023518026405036,2026-05-01|C004|ITM008|11842.75,1,1.65876216441365,False,False,False,False,False,False,0,Low,normal pattern,2026-05
INV1120,2026-01-18,C005,Delta Distributors,Redhills,Wholesale,ITM007,Router,Networking,6,2775.85,5,15822.34,1898.68,17721.02,Bank,13872.292465100985,1950.0475348990149,12.324646891035176,2026-01-18|C005|ITM007|15822.34,1,21.104571770115736,False,False,False,False,False,False,0,Low,normal pattern,2026-01
INV1121,2026-03-14,C005,Delta Distributors,Redhills,Wholesale,ITM010,Barcode Scanner,POS,8,8059.71,2,63188.13,11373.86,74561.99,Credit,53202.96034707696,9985.16965292304,15.80228700061711,2026-03-14|C005|ITM010|63188.13,1,8.847117642173162,False,False,True,False,False,False,10,Low,unusually high quantity,2026-03
INV1122,2026-03-30,C006,Vetri Agencies,Poonamallee,Wholesale,ITM009,External SSD,Storage,7,5745.67,0,40219.69,2010.98,42230.67,UPI,33662.76999517591,6556.920004824089,16.302761172013234,2026-03-30|C006|ITM009|40219.69,1,5.237833580599654,False,False,False,False,False,False,0,Low,normal pattern,2026-03
INV1123,2026-05-27,C007,Prime Tech Solutions,Guindy,Corporate,ITM004,Printer,Electronics,7,9314.0,8,59982.16,7197.86,67180.02,Credit,47933.56815294213,12048.591847057876,20.086958934219567,2026-05-27|C007|ITM004|59982.16,1,15.636274047149131,False,False,False,False,False,False,0,Low,normal pattern,2026-05
INV1124,2026-04-09,C003,Metro Office Mart,Chennai,Corporate,ITM008,UPS,Electronics,1,3762.65,5,3574.52,428.94,4003.46,Bank,2990.724789919904,583.7952100800958,16.332128791560706,2026-04-09|C003|ITM008|3574.52,1,10.952468855314484,False,False,False,False,False,False,0,Low,normal pattern,2026-04
INV1125,2026-04-23,C002,Sri Lakshmi Stores,Ambattur,Retail,ITM009,External SSD,Storage,8,4924.64,0,39397.12,4727.65,44124.77,UPI,28661.03254824081,10736.087451759191,27.250944870485938,2026-04-23|C002|ITM009|39397.12,1,9.800172170632091,False,False,True,False,False,False,10,Low,unusually high quantity,2026-04
INV1126,2026-01-20,C008,Bright Retail Hub,Anna Nagar,Retail,ITM005,Office Chair,Furniture,6,6579.19,2,38685.64,6963.42,45649.06,Bank,31932.165014710572,6753.474985289427,17.457317457561587,2026-01-20|C008|ITM005|38685.64,1,1.0365972581618457,False,False,False,False,False,False,0,Low,normal pattern,2026-01
INV1127,2026-03-26,C007,Prime Tech Solutions,Guindy,Corporate,ITM006,Desk,Furniture,8,8711.51,0,69692.08,12544.57,82236.65,Bank,54316.26611978282,15375.813880217182,22.06249817800987,2026-03-26|C007|ITM006|69692.08,1,12.744669175695893,False,False,True,False,False,False,10,Low,unusually high quantity,2026-03
INV1128,2026-03-02,C005,Delta Distributors,Redhills,Wholesale,ITM004,Printer,Electronics,2,10512.29,0,21024.58,3784.42,24809.0,Bank,15684.638466734878,5339.941533265124,25.398564600411156,2026-03-02|C005|ITM004|21024.58,1,4.7824830688324305,False,False,False,False,False,False,0,Low,normal pattern,2026-03
INV1129,2026-04-24,C003,Metro Office Mart,Chennai,Corporate,ITM005,Office Chair,Furniture,1,5398.1,10,4858.29,242.91,5101.2,Cash,3987.1043208113592,871.1856791886407,17.931940645548963,2026-04-24|C003|ITM005|4858.29,1,17.10139764024393,False,False,False,False,False,False,0,Low,normal pattern,2026-04
INV1130,2026-04-02,C006,Vetri Agencies,Poonamallee,Wholesale,ITM007,Router,Networking,3,2081.66,2,6120.08,1101.61,7221.69,UPI,5156.954748064506,963.1252519354939,15.737135003717173,2026-04-02|C006|ITM007|6120.08,1,9.181496525035895,False,False,False,False,False,False,0,Low,normal pattern,2026-04
INV1131,2026-02-13,C003,Metro Office Mart,Chennai,Corporate,ITM002,Monitor,Electronics,7,12271.67,0,85901.69,10308.2,96209.89,UPI,64486.97717389836,21414.71282610164,24.92932656633605,2026-02-13|C003|ITM002|85901.69,1,0.6890559244614817,False,False,False,False,False,False,0,Low,normal pattern,2026-02
INV1132,2026-03-01,C008,Bright Retail Hub,Anna Nagar,Retail,ITM005,Office Chair,Furniture,8,5826.4,0,46611.2,5593.34,52204.54,Cash,41321.836595103225,5289.363404896772,11.34783786921764,2026-03-01|C008|ITM005|46611.2,1,10.523996074751727,False,False,True,False,False,False,10,Low,unusually high quantity,2026-03
INV1133,2026-06-23,C003,Metro Office Mart,Chennai,Corporate,ITM002,Monitor,Electronics,8,13091.99,5,99499.12,11939.89,111439.01,Credit,86364.29754769849,13134.822452301509,13.200943337289326,2026-06-23|C003|ITM002|99499.12,1,7.419781763402246,False,False,True,False,False,False,10,Low,unusually high quantity,2026-06
INV1134,2026-06-26,C005,Delta Distributors,Redhills,Wholesale,ITM008,UPS,Electronics,5,3874.01,2,18982.65,2277.92,21260.57,Bank,15155.835382319407,3826.814617680595,20.159538408391846,2026-06-26|C005|ITM008|18982.65,1,8.317003672990273,False,False,False,False,False,False,0,Low,normal pattern,2026-06
INV1135,2026-03-02,C007,Prime Tech Solutions,Guindy,Corporate,ITM010,Barcode Scanner,POS,6,7477.07,8,41273.43,4952.81,46226.24,Bank,37072.72421340223,4200.7057865977695,10.177748218642767,2026-03-02|C007|ITM010|41273.43,1,0.9785113743253353,False,False,False,False,False,False,0,Low,normal pattern,2026-03
INV1136,2026-06-18,C007,Prime Tech Solutions,Guindy,Corporate,ITM005,Office Chair,Furniture,1,6461.89,8,5944.94,1070.09,7015.03,Bank,4679.084899110257,1265.855100889743,21.292983627921274,2026-06-18|C007|ITM005|5944.94,1,0.764778421577197,False,False,False,False,False,False,0,Low,normal pattern,2026-06
INV1137,2026-06-05,C008,Bright Retail Hub,Anna Nagar,Retail,ITM005,Office Chair,Furniture,4,6546.05,0,26184.2,1309.21,27493.41,UPI,23370.4631072442,2813.736892755802,10.745934161653981,2026-06-05|C008|ITM005|26184.2,1,0.5276663968954245,False,False,False,False,False,False,0,Low,normal pattern,2026-06
INV1138,2026-06-08,C005,Delta Distributors,Redhills,Wholesale,ITM003,Keyboard,Accessories,2,1042.84,8,1918.83,95.94,2014.77,Cash,1682.7571138253522,236.0728861746477,12.302959937808335,2026-06-08|C005|ITM003|1918.83,1,26.14643941501649,False,False,False,False,False,False,0,Low,normal pattern,2026-06
INV1139,2026-04-23,C001,Arun Traders,Chennai,Retail,ITM010,Barcode Scanner,POS,6,7793.11,0,46758.66,5611.04,52369.7,Cash,40254.17226498339,6504.487735016613,13.910765909494868,2026-04-23|C001|ITM010|46758.66,1,5.24666035978913,False,False,False,False,False,False,0,Low,normal pattern,2026-04
INV1140,2026-04-17,C003,Metro Office Mart,Chennai,Corporate,ITM004,Printer,Electronics,3,11594.59,0,34783.77,6261.08,41044.85,Cash,25562.293432092385,9221.476567907612,26.510860001396093,2026-04-17|C003|ITM004|34783.77,1,5.020701448965554,False,False,False,False,False,False,0,Low,normal pattern,2026-04
INV1141,2026-02-12,C005,Delta Distributors,Redhills,Wholesale,ITM008,UPS,Electronics,5,4709.25,0,23546.25,1177.31,24723.56,Credit,19015.916170049644,4530.333829950356,19.240150044913122,2026-02-12|C005|ITM008|23546.25,1,11.449931841417685,False,False,False,False,False,False,0,Low,normal pattern,2026-02
INV1142,2026-01-20,C003,Metro Office Mart,Chennai,Corporate,ITM004,Printer,Electronics,7,12149.52,10,76541.98,13777.56,90319.54,Cash,68745.51739698317,7796.462603016829,10.18586480649812,2026-01-20|C003|ITM004|76541.98,1,10.047109269774612,False,False,False,False,False,False,0,Low,normal pattern,2026-01
INV1143,2026-01-24,C007,Prime Tech Solutions,Guindy,Corporate,ITM001,Laptop,Electronics,5,52136.51,2,255468.9,30656.27,286125.17,Cash,231696.934513261,23771.965486739005,9.305228733023474,2026-01-24|C007|ITM001|255468.9,1,0.41099233077525876,True,False,False,False,False,True,35,Medium,unusually high transaction value; high-value cash transaction,2026-01
INV1144,2026-05-30,C007,Prime Tech Solutions,Guindy,Corporate,ITM006,Desk,Furniture,2,8240.16,2,16150.71,807.54,16958.25,Cash,13561.837426104206,2588.872573895793,16.029466035213268,2026-05-30|C007|ITM006|16150.71,1,6.644440878194737,False,False,False,False,False,False,0,Low,normal pattern,2026-05
INV1145,2026-06-06,C004,Greenline Enterprises,Avadi,Corporate,ITM002,Monitor,Electronics,8,13001.66,0,104013.28,18722.39,122735.67,Credit,83754.41501685046,20258.864983149542,19.477190780974833,2026-06-06|C004|ITM002|104013.28,1,6.6786240870911495,True,False,True,False,False,False,30,Medium,unusually high transaction value; unusually high quantity,2026-06
INV1146,2026-01-30,C003,Metro Office Mart,Chennai,Corporate,ITM001,Laptop,Electronics,1,50761.84,2,49746.6,2487.33,52233.93,Bank,38987.91646087763,10758.683539122372,21.626972575256143,2026-01-30|C003|ITM001|49746.6,1,2.2365185752548413,False,False,False,False,False,False,0,Low,normal pattern,2026-01
INV1147,2026-03-02,C003,Metro Office Mart,Chennai,Corporate,ITM007,Router,Networking,8,2209.24,8,16260.01,2926.8,19186.81,Credit,13780.044708032245,2479.9652919677555,15.251929684961791,2026-03-02|C003|ITM007|16260.01,1,3.615446030077105,False,False,True,False,False,False,10,Low,unusually high quantity,2026-03
INV1148,2026-05-31,C003,Metro Office Mart,Chennai,Corporate,ITM007,Router,Networking,2,2674.7,5,5081.93,609.83,5691.76,Cash,4352.919290960624,729.0107090393767,14.345154479486666,2026-05-31|C003|ITM007|5081.93,1,16.69160729633393,False,False,False,False,False,False,0,Low,normal pattern,2026-05
INV1149,2026-01-09,C006,Vetri Agencies,Poonamallee,Wholesale,ITM004,Printer,Electronics,8,10545.22,0,84361.76,10123.41,94485.17,Bank,67405.38898959069,16956.371010409304,20.09959371450916,2026-01-09|C006|ITM004|84361.76,1,4.484211918346361,False,False,True,False,False,False,10,Low,unusually high quantity,2026-01
INV1150,2026-06-25,C006,Vetri Agencies,Poonamallee,Wholesale,ITM009,External SSD,Storage,6,5008.99,0,30053.94,1502.7,31556.64,Bank,21755.75186735976,8298.18813264024,27.610982562154046,2026-06-25|C006|ITM009|30053.94,1,8.255215488030494,False,False,False,False,False,False,0,Low,normal pattern,2026-06
INV1151,2026-04-27,C002,Sri Lakshmi Stores,Ambattur,Retail,ITM004,Printer,Electronics,1,9335.28,0,9335.28,466.76,9802.04,UPI,8109.86156533676,1225.418434663241,13.126745364501557,2026-04-27|C002|ITM004|9335.28,1,15.443525487102242,False,False,False,False,False,False,0,Low,normal pattern,2026-04
INV1152,2026-05-25,C004,Greenline Enterprises,Avadi,Corporate,ITM002,Monitor,Electronics,4,12187.69,10,43875.68,2193.78,46069.46,Cash,42964.48056768754,911.19943231246,2.076775635870396,2026-05-25|C004|ITM002|43875.68,1,0.0,False,False,False,False,False,False,0,Low,normal pattern,2026-05
INV1153,2026-02-07,C001,Arun Traders,Chennai,Retail,ITM005,Office Chair,Furniture,3,7324.48,5,20874.77,2504.97,23379.74,UPI,16375.592689589812,4499.1773104101885,21.553182671762077,2026-02-07|C001|ITM005|20874.77,1,12.482013117946323,False,False,False,False,False,False,0,Low,normal pattern,2026-02
INV1154,2026-01-29,C001,Arun Traders,Chennai,Retail,ITM003,Keyboard,Accessories,1,844.4,10,759.96,38.0,797.96,Cash,692.1770615287871,67.7829384712129,8.919277129219024,2026-01-29|C001|ITM003|759.96,1,2.1422782421463817,False,False,False,False,False,False,0,Low,normal pattern,2026-01
INV1155,2026-01-05,C003,Metro Office Mart,Chennai,Corporate,ITM005,Office Chair,Furniture,1,5563.35,2,5452.08,981.37,6433.45,Bank,4114.340072900257,1337.739927099743,24.53632241456,2026-01-05|C003|ITM005|5452.08,1,14.563653982299526,False,False,False,False,False,False,0,Low,normal pattern,2026-01
INV1156,2026-01-17,C008,Bright Retail Hub,Anna Nagar,Retail,ITM008,UPS,Electronics,6,4353.2,0,26119.2,3134.3,29253.5,UPI,21966.33121886258,4152.868781137422,15.8996783252834,2026-01-17|C008|ITM008|26119.2,1,3.023590442652109,False,False,False,False,False,False,0,Low,normal pattern,2026-01
INV1157,2026-06-07,C001,Arun Traders,Chennai,Retail,ITM009,External SSD,Storage,5,5750.71,0,28753.55,1437.68,30191.23,Credit,22158.120539754742,6595.429460245257,22.937791890897845,2026-06-07|C001|ITM009|28753.55,1,5.33014634503726,False,False,False,False,False,False,0,Low,normal pattern,2026-06
INV1158,2026-04-13,C007,Prime Tech Solutions,Guindy,Corporate,ITM002,Monitor,Electronics,8,12505.25,2,98041.16,4902.06,102943.22,Bank,83904.8326595725,14136.32734042751,14.418767934230386,2026-04-13|C007|ITM002|98041.16,1,2.6055798924980818,False,False,True,False,False,False,10,Low,unusually high quantity,2026-04
INV1159,2026-03-24,C003,Metro Office Mart,Chennai,Corporate,ITM002,Monitor,Electronics,3,11403.04,8,31472.39,5665.03,37137.42,Cash,29107.138679908865,2365.2513200911344,7.515321588513406,2026-03-24|C003|ITM002|31472.39,1,6.438053478550895,False,False,False,False,False,False,0,Low,normal pattern,2026-03
INV1160,2026-04-08,C005,Delta Distributors,Redhills,Wholesale,ITM008,UPS,Electronics,7,3721.35,8,23965.49,1198.27,25163.76,UPI,22359.715993500195,1605.774006499807,6.700359585803615,2026-04-08|C005|ITM008|23965.49,1,11.929881858457357,False,False,False,False,False,False,0,Low,normal pattern,2026-04
INV1161,2026-04-21,C008,Bright Retail Hub,Anna Nagar,Retail,ITM004,Printer,Electronics,7,10220.52,2,70112.77,8413.53,78526.3,Credit,52898.893101131056,17213.876898868948,24.551699924092212,2026-04-21|C008|ITM004|70112.77,1,7.425257851016598,False,False,False,False,False,False,0,Low,normal pattern,2026-04
INV1162,2026-01-25,C006,Vetri Agencies,Poonamallee,Wholesale,ITM007,Router,Networking,6,2505.1,0,15030.6,751.53,15782.13,Credit,13300.309375114557,1730.2906248854433,11.511786787523075,2026-01-25|C006|ITM007|15030.6,1,9.292311451021101,False,False,False,False,False,False,0,Low,normal pattern,2026-01
INV1163,2026-01-18,C002,Sri Lakshmi Stores,Ambattur,Retail,ITM002,Monitor,Electronics,2,11798.33,8,21708.93,3907.61,25616.54,Cash,17967.40582867013,3741.524171329871,17.234954331373636,2026-01-18|C002|ITM002|21708.93,1,3.194698913411816,False,False,False,False,False,False,0,Low,normal pattern,2026-01
INV1164,2026-02-03,C001,Arun Traders,Chennai,Retail,ITM010,Barcode Scanner,POS,6,7668.05,2,45088.13,5410.58,50498.71,Credit,33435.8078594977,11652.3221405023,25.843436266933896,2026-02-03|C001|ITM010|45088.13,1,3.5577136691104183,False,False,False,False,False,False,0,Low,normal pattern,2026-02
INV1165,2026-01-14,C005,Delta Distributors,Redhills,Wholesale,ITM010,Barcode Scanner,POS,5,7029.4,5,33389.65,6010.14,39399.79,UPI,28816.091953506442,4573.558046493559,13.697532158898218,2026-01-14|C005|ITM010|33389.65,1,5.067312750224017,False,False,False,False,False,False,0,Low,normal pattern,2026-01
INV1166,2026-02-09,C008,Bright Retail Hub,Anna Nagar,Retail,ITM004,Printer,Electronics,2,10254.85,5,19484.22,2338.11,21822.33,Bank,16136.334857760025,3347.8851422399766,17.182546400317676,2026-02-09|C008|ITM004|19484.22,1,7.114305874211642,False,False,False,False,False,False,0,Low,normal pattern,2026-02
INV1167,2026-03-13,C004,Greenline Enterprises,Avadi,Corporate,ITM007,Router,Networking,1,2448.65,8,2252.76,405.5,2658.26,Cash,2128.763637813813,123.99636218618707,5.504197614756435,2026-03-13|C004|ITM007|2252.76,1,6.829515162884851,False,False,False,False,False,False,0,Low,normal pattern,2026-03
INV1168,2026-01-08,C003,Metro Office Mart,Chennai,Corporate,ITM005,Office Chair,Furniture,5,7189.47,0,35947.35,1797.37,37744.72,UPI,31111.90173977592,4835.448260224079,13.451473502842571,2026-01-08|C003|ITM005|35947.35,1,10.408665031658442,False,False,False,False,False,False,0,Low,normal pattern,2026-01
INV1169,2026-02-06,C007,Prime Tech Solutions,Guindy,Corporate,ITM002,Monitor,Electronics,3,12577.24,0,37731.72,1886.59,39618.31,UPI,29320.753662917406,8410.966337082595,22.291499929191126,2026-02-06|C007|ITM002|37731.72,1,3.196257863467148,False,False,False,False,False,False,0,Low,normal pattern,2026-02
INV1170,2026-04-07,C007,Prime Tech Solutions,Guindy,Corporate,ITM008,UPS,Electronics,6,3810.21,0,22861.26,4115.03,26976.29,Cash,20381.31374841579,2479.9462515842097,10.847810888744583,2026-04-07|C007|ITM008|22861.26,1,9.826905600363522,False,False,False,False,False,False,0,Low,normal pattern,2026-04
INV1171,2026-05-26,C002,Sri Lakshmi Stores,Ambattur,Retail,ITM001,Laptop,Electronics,3,49891.87,5,142191.83,7109.59,149301.42,Bank,115604.23407903065,26587.59592096934,18.698399142179507,2026-05-26|C002|ITM001|142191.83,1,3.9120152856791477,True,False,False,False,False,False,20,Low,unusually high transaction value,2026-05
INV1172,2026-03-11,C008,Bright Retail Hub,Anna Nagar,Retail,ITM007,Router,Networking,8,2446.72,2,19182.28,2301.87,21484.15,UPI,15907.7960340967,3274.4839659032987,17.070358507452184,2026-03-11|C008|ITM007|19182.28,1,6.745313270305512,False,False,True,False,False,False,10,Low,unusually high quantity,2026-03
INV1173,2026-05-12,C002,Sri Lakshmi Stores,Ambattur,Retail,ITM006,Desk,Furniture,7,6894.58,8,44401.1,7992.2,52393.3,Credit,36972.29566059823,7428.804339401766,16.73112679506086,2026-05-12|C002|ITM006|44401.1,1,10.770102863295875,False,False,False,False,False,False,0,Low,normal pattern,2026-05
INV1174,2026-05-15,C005,Delta Distributors,Redhills,Wholesale,ITM001,Laptop,Electronics,4,51299.96,5,194939.85,9746.99,204686.84,Bank,182317.56314527369,12622.28685472632,6.474964895441501,2026-05-15|C005|ITM001|194939.85,1,1.200139976207129,True,False,False,False,False,False,20,Low,unusually high transaction value,2026-05
INV1175,2026-02-22,C005,Delta Distributors,Redhills,Wholesale,ITM004,Printer,Electronics,3,11525.97,0,34577.91,4149.35,38727.26,Bank,25920.618174296535,8657.291825703469,25.037059283523693,2026-02-22|C005|ITM004|34577.91,1,4.399159804679029,False,False,False,False,False,False,0,Low,normal pattern,2026-02
INV1176,2026-01-02,C008,Bright Retail Hub,Anna Nagar,Retail,ITM007,Router,Networking,3,1965.96,5,5602.99,1008.54,6611.53,UPI,4294.151539902294,1308.838460097706,23.35964297808324,2026-01-02|C008|ITM007|5602.99,1,14.229247287433852,False,False,False,False,False,False,0,Low,normal pattern,2026-01
INV1177,2026-05-09,C006,Vetri Agencies,Poonamallee,Wholesale,ITM002,Monitor,Electronics,7,12881.65,0,90171.55,10820.59,100992.14,Bank,71985.52373416505,18186.026265834953,20.168252919945317,2026-05-09|C006|ITM002|90171.55,1,5.693942002134934,False,False,False,False,False,False,0,Low,normal pattern,2026-05
INV1178,2026-04-28,C002,Sri Lakshmi Stores,Ambattur,Retail,ITM006,Desk,Furniture,7,7998.13,8,51507.96,9271.43,60779.39,Credit,50311.382650378815,1196.577349621184,2.323092099980632,2026-04-28|C002|ITM006|51507.96,1,3.5120800956675224,False,False,False,False,False,False,0,Low,normal pattern,2026-04
INV1179,2026-03-16,C002,Sri Lakshmi Stores,Ambattur,Retail,ITM007,Router,Networking,1,2808.0,0,2808.0,505.44,3313.44,Credit,2472.4493574558837,335.5506425441163,11.949809207411548,2026-03-16|C002|ITM007|2808.0,1,22.507209514377575,False,False,False,False,False,False,0,Low,normal pattern,2026-03
INV1180,2026-06-26,C006,Vetri Agencies,Poonamallee,Wholesale,ITM002,Monitor,Electronics,7,12838.1,0,89866.7,10784.0,100650.7,Credit,76813.51181438373,13053.188185616265,14.525055649774906,2026-06-26|C006|ITM002|89866.7,1,5.336614239449804,False,False,False,False,False,False,0,Low,normal pattern,2026-06
INV1181,2026-05-15,C002,Sri Lakshmi Stores,Ambattur,Retail,ITM007,Router,Networking,5,2586.28,0,12931.4,1551.77,14483.17,UPI,11384.06292297838,1547.3370770216188,11.965735164186544,2026-05-15|C002|ITM007|12931.4,1,12.834026290186774,False,False,False,False,False,False,0,Low,normal pattern,2026-05
INV1182,2026-01-20,C002,Sri Lakshmi Stores,Ambattur,Retail,ITM009,External SSD,Storage,4,6586.45,0,26345.8,3161.5,29507.3,UPI,23205.917966427354,3139.882033572645,11.917960485438456,2026-01-20|C002|ITM009|26345.8,1,20.637580819458925,False,False,False,False,False,False,0,Low,normal pattern,2026-01
INV1183,2026-03-02,C002,Sri Lakshmi Stores,Ambattur,Retail,ITM003,Keyboard,Accessories,5,785.81,5,3732.6,186.63,3919.23,Bank,3195.8676793577474,536.7323206422525,14.37958314960758,2026-03-02|C002|ITM003|3732.6,1,4.94502171309682,False,False,False,False,False,False,0,Low,normal pattern,2026-03
INV1184,2026-02-15,C008,Bright Retail Hub,Anna Nagar,Retail,ITM008,UPS,Electronics,8,4609.41,5,35031.52,6305.67,41337.19,Cash,28647.196604351102,6384.323395648895,18.224511513199815,2026-02-15|C008|ITM008|35031.52,1,9.087100988299426,False,False,True,False,False,False,10,Low,unusually high quantity,2026-02
INV1185,2026-06-10,C006,Vetri Agencies,Poonamallee,Wholesale,ITM003,Keyboard,Accessories,8,738.86,2,5792.66,1042.68,6835.34,Cash,5077.222712048915,715.4372879510847,12.350755748673057,2026-06-10|C006|ITM003|5792.66,1,10.624296894845713,False,False,True,False,False,False,10,Low,unusually high quantity,2026-06
INV1186,2026-03-12,C001,Arun Traders,Chennai,Retail,ITM006,Desk,Furniture,2,7370.63,2,14446.43,722.32,15168.75,Bank,12369.376928211192,2077.0530717888087,14.377621819292438,2026-03-12|C001|ITM006|14446.43,1,4.609047000295079,False,False,False,False,False,False,0,Low,normal pattern,2026-03
INV1187,2026-04-05,C005,Delta Distributors,Redhills,Wholesale,ITM002,Monitor,Electronics,2,12259.82,5,23293.66,2795.24,26088.9,Credit,19303.292339136176,3990.3676608638234,17.130702778626556,2026-04-05|C005|ITM002|23293.66,1,0.5918266710098402,False,False,False,False,False,False,0,Low,normal pattern,2026-04
INV1188,2026-05-29,C001,Arun Traders,Chennai,Retail,ITM008,UPS,Electronics,4,4060.65,2,15917.75,2865.19,18782.94,UPI,11970.861174478074,3946.8888255219263,24.79551962759766,2026-05-29|C001|ITM008|15917.75,1,3.899948881063283,False,False,False,False,False,False,0,Low,normal pattern,2026-05
INV1189,2026-01-16,C008,Bright Retail Hub,Anna Nagar,Retail,ITM002,Monitor,Electronics,6,13185.61,0,79113.66,14240.46,93354.12,UPI,67596.46189268383,11517.198107316173,14.55778699571752,2026-01-16|C008|ITM002|79113.66,1,8.187933890671653,False,False,False,False,False,False,0,Low,normal pattern,2026-01
INV1190,2026-01-11,C004,Greenline Enterprises,Avadi,Corporate,ITM008,UPS,Electronics,8,4369.73,5,33209.95,1660.5,34870.45,Cash,26821.154289950806,6388.795710049191,19.237595088367165,2026-01-11|C004|ITM008|33209.95,1,3.414792305653353,False,False,True,False,False,False,10,Low,unusually high quantity,2026-01
INV1191,2026-04-06,C005,Delta Distributors,Redhills,Wholesale,ITM007,Router,Networking,7,2615.11,8,16841.31,3031.44,19872.75,Bank,16266.989891996414,574.3201080035869,3.410186666022933,2026-04-06|C005|ITM007|16841.31,1,14.091819328042721,False,False,False,False,False,False,0,Low,normal pattern,2026-04
INV1192,2026-06-11,C006,Vetri Agencies,Poonamallee,Wholesale,ITM002,Monitor,Electronics,6,10948.15,8,60433.79,7252.05,67685.84,Cash,50145.24456080836,10288.545439191643,17.024491495886064,2026-06-11|C006|ITM002|60433.79,1,10.170426061050133,False,False,False,False,False,False,0,Low,normal pattern,2026-06
INV1193,2026-03-06,C003,Metro Office Mart,Chennai,Corporate,ITM006,Desk,Furniture,2,8020.42,0,16040.84,1924.9,17965.74,Cash,11903.850063457823,4136.989936542177,25.79035721659325,2026-03-06|C003|ITM006|16040.84,1,3.800558060558369,False,False,False,False,False,False,0,Low,normal pattern,2026-03
INV1194,2026-06-17,C007,Prime Tech Solutions,Guindy,Corporate,ITM003,Keyboard,Accessories,2,826.69,2,1620.31,291.66,1911.97,Cash,1437.779712570818,182.53028742918195,11.265146017069693,2026-06-17|C007|ITM003|1620.31,1,0.0,False,False,False,False,False,False,0,Low,normal pattern,2026-06
INV1195,2026-02-02,C002,Sri Lakshmi Stores,Ambattur,Retail,ITM007,Router,Networking,6,1854.34,0,11126.04,556.3,11682.34,UPI,8317.729338864621,2808.3106611353796,25.240882300759115,2026-02-02|C002|ITM007|11126.04,1,19.098996121477597,False,False,False,False,False,False,0,Low,normal pattern,2026-02
INV1196,2026-03-29,C008,Bright Retail Hub,Anna Nagar,Retail,ITM004,Printer,Electronics,4,12249.93,0,48999.72,2449.99,51449.71,Cash,36860.93584282853,12138.784157171474,24.773170453160702,2026-03-29|C008|ITM004|48999.72,1,10.956596248830413,False,False,False,False,False,False,0,Low,normal pattern,2026-03
INV1197,2026-01-26,C001,Arun Traders,Chennai,Retail,ITM006,Desk,Furniture,3,8055.03,0,24165.09,1208.25,25373.34,UPI,20006.009838279435,4159.080161720565,17.21110975262482,2026-01-26|C001|ITM006|24165.09,1,4.248481899269545,False,False,False,False,False,False,0,Low,normal pattern,2026-01
INV1198,2026-06-27,C003,Metro Office Mart,Chennai,Corporate,ITM008,UPS,Electronics,1,4196.97,8,3861.21,695.02,4556.23,UPI,3682.5103167360508,178.69968326394928,4.62807470362786,2026-06-27|C003|ITM008|3861.21,1,0.6737759854595085,False,False,False,False,False,False,0,Low,normal pattern,2026-06
INV1199,2026-04-24,C005,Delta Distributors,Redhills,Wholesale,ITM008,UPS,Electronics,4,4384.9,0,17539.6,2104.75,19644.35,UPI,13248.681383298117,4290.918616701882,24.46417601713769,2026-04-24|C005|ITM008|17539.6,1,3.7738081714566794,False,False,False,False,False,False,0,Low,normal pattern,2026-04
INV1200,2026-04-05,C008,Bright Retail Hub,Anna Nagar,Retail,ITM008,UPS,Electronics,5,4757.42,5,22597.74,4067.59,26665.33,Credit,18455.41804313553,4142.321956864471,18.330691285343008,2026-04-05|C008|ITM008|22597.74,1,12.589931462758896,False,False,False,False,False,False,0,Low,normal pattern,2026-04
INV1201,2026-02-11,C004,Greenline Enterprises,Avadi,Corporate,ITM010,Barcode Scanner,POS,3,8075.24,0,24225.72,4360.63,28586.35,Credit,20832.492948817693,3393.227051182308,14.006712911658797,2026-02-11|C004|ITM010|24225.72,1,9.056851706672123,False,False,False,False,False,False,0,Low,normal pattern,2026-02
INV1202,2026-04-06,C002,Sri Lakshmi Stores,Ambattur,Retail,ITM009,External SSD,Storage,2,5427.93,10,9770.27,488.51,10258.78,Cash,9715.221292611279,55.048707388721596,0.5634307689421234,2026-04-06|C002|ITM009|9770.27,1,0.5819001044013487,False,False,False,False,False,False,0,Low,normal pattern,2026-04
INV1203,2026-04-26,C003,Metro Office Mart,Chennai,Corporate,ITM007,Router,Networking,2,2788.09,0,5576.18,669.14,6245.32,Cash,4517.449737782001,1058.7302622179996,18.986658648357828,2026-04-26|C003|ITM007|5576.18,1,21.638577555178415,False,False,False,False,False,False,0,Low,normal pattern,2026-04
INV1204,2026-01-07,C007,Prime Tech Solutions,Guindy,Corporate,ITM001,Laptop,Electronics,7,51931.88,0,363523.16,43622.78,407145.94,Bank,271152.48867183697,92370.671328163,25.40984495407748,2026-01-07|C007|ITM001|363523.16,1,0.016890359610579563,True,False,False,False,False,False,20,Low,unusually high transaction value,2026-01
INV1205,2026-04-06,C004,Greenline Enterprises,Avadi,Corporate,ITM001,Laptop,Electronics,6,54470.49,10,294140.65,52945.32,347085.97,Cash,236132.36253386643,58008.287466133595,19.72127533754127,2026-04-06|C004|ITM001|294140.65,1,4.9060620598419415,True,False,False,False,False,True,35,Medium,unusually high transaction value; high-value cash transaction,2026-04
INV1206,2026-02-07,C003,Metro Office Mart,Chennai,Corporate,ITM001,Laptop,Electronics,5,54390.99,2,266515.85,47972.85,314488.7,UPI,207049.66094799672,59466.18905200326,22.312439973833925,2026-02-07|C003|ITM001|266515.85,1,4.752951046268217,True,False,False,False,False,False,20,Low,unusually high transaction value,2026-02
INV1207,2026-06-30,C008,Bright Retail Hub,Anna Nagar,Retail,ITM008,UPS,Electronics,1,4952.34,0,4952.34,594.28,5546.62,UPI,3683.1939195659215,1269.1460804340786,25.627200079842634,2026-06-30|C008|ITM008|4952.34,1,17.202942178802672,False,False,False,False,False,False,0,Low,normal pattern,2026-06
INV1208,2026-02-08,C007,Prime Tech Solutions,Guindy,Corporate,ITM002,Monitor,Electronics,5,11308.85,0,56544.25,2827.21,59371.46,UPI,47609.04626197809,8935.203738021912,15.802143874968563,2026-02-08|C007|ITM002|56544.25,1,7.2108824559863285,False,False,False,False,False,False,0,Low,normal pattern,2026-02
INV1209,2026-04-18,C008,Bright Retail Hub,Anna Nagar,Retail,ITM002,Monitor,Electronics,2,12818.45,2,25124.16,4522.35,29646.51,Bank,19020.781392824014,6103.378607175986,24.292866337326245,2026-04-18|C008|ITM002|25124.16,1,5.175385983726204,False,False,False,False,False,False,0,Low,normal pattern,2026-04
INV1210,2026-06-11,C004,Greenline Enterprises,Avadi,Corporate,ITM003,Keyboard,Accessories,5,870.24,5,4133.64,496.04,4629.68,UPI,3529.4297037241854,604.2102962758149,14.616906558766967,2026-06-11|C004|ITM003|4133.64,1,5.267996467841628,False,False,False,False,False,False,0,Low,normal pattern,2026-06
INV1211,2026-05-27,C007,Prime Tech Solutions,Guindy,Corporate,ITM003,Keyboard,Accessories,2,904.55,0,1809.1,90.45,1899.55,Bank,1528.6302310178783,280.46976898212165,15.50327615842804,2026-05-27|C007|ITM003|1809.1,1,9.418282548476443,False,False,False,False,False,False,0,Low,normal pattern,2026-05
INV1212,2026-04-10,C008,Bright Retail Hub,Anna Nagar,Retail,ITM001,Laptop,Electronics,7,54767.75,0,383374.25,69007.36,452381.61,Bank,316130.7859600692,67243.46403993078,17.539901034023746,2026-04-10|C008|ITM001|383374.25,1,5.478562435878744,True,False,False,False,False,False,20,Low,unusually high transaction value,2026-04
INV1213,2026-04-02,C002,Sri Lakshmi Stores,Ambattur,Retail,ITM006,Desk,Furniture,4,8378.8,8,30833.98,1541.7,32375.68,Cash,25336.137765693085,5497.842234306914,17.830465720957577,2026-04-02|C002|ITM006|30833.98,1,8.438724640081988,False,False,False,False,False,False,0,Low,normal pattern,2026-04
INV1214,2026-02-04,C001,Arun Traders,Chennai,Retail,ITM006,Desk,Furniture,6,8571.03,0,51426.18,9256.71,60682.89,Credit,44470.399072655484,6955.780927344516,13.525758528719257,2026-02-04|C001|ITM006|51426.18,1,10.92657206901729,False,False,False,False,False,False,0,Low,normal pattern,2026-02
INV1215,2026-06-28,C008,Bright Retail Hub,Anna Nagar,Retail,ITM003,Keyboard,Accessories,3,736.97,10,1989.82,238.78,2228.6,Bank,1876.561339848997,113.25866015100291,5.691904802997403,2026-06-28|C008|ITM003|1989.82,1,10.852919474047106,False,False,False,False,False,False,0,Low,normal pattern,2026-06
INV1216,2026-03-17,C004,Greenline Enterprises,Avadi,Corporate,ITM001,Laptop,Electronics,4,54203.88,0,216815.52,26017.86,242833.38,Credit,184947.35059451344,31868.16940548655,14.698287929520246,2026-03-17|C004|ITM001|216815.52,1,4.392591275830736,True,False,False,False,False,False,20,Low,unusually high transaction value,2026-03
INV1217,2026-05-20,C008,Bright Retail Hub,Anna Nagar,Retail,ITM005,Office Chair,Furniture,1,6845.23,0,6845.23,821.43,7666.66,Cash,5090.04728148468,1755.1827185153197,25.64096047196836,2026-05-20|C008|ITM005|6845.23,1,5.122172584997121,False,False,False,False,False,False,0,Low,normal pattern,2026-05
INV1218,2026-01-13,C006,Vetri Agencies,Poonamallee,Wholesale,ITM005,Office Chair,Furniture,2,6939.45,2,13601.32,1632.16,15233.48,Credit,10301.969999786897,3299.3500002131022,24.25757206074927,2026-01-13|C006|ITM005|13601.32,1,6.5691087874269085,False,False,False,False,False,False,0,Low,normal pattern,2026-01
INV1219,2026-04-09,C006,Vetri Agencies,Poonamallee,Wholesale,ITM003,Keyboard,Accessories,8,965.91,0,7727.28,1390.91,9118.19,Cash,6853.797998845482,873.482001154518,11.303874081882862,2026-04-09|C006|ITM003|7727.28,1,16.840653691226446,False,False,True,False,False,False,10,Low,unusually high quantity,2026-04
INV1220,2026-01-22,C007,Prime Tech Solutions,Guindy,Corporate,ITM002,Monitor,Electronics,7,12228.18,10,77037.53,3851.88,80889.41,Cash,67755.7159248895,9281.814075110495,12.048431556814574,2026-01-22|C007|ITM002|77037.53,1,0.3322204617938246,False,False,False,False,False,False,0,Low,normal pattern,2026-01
INV1221,2026-03-24,C002,Sri Lakshmi Stores,Ambattur,Retail,ITM002,Monitor,Electronics,6,12375.52,0,74253.12,8910.37,83163.49,Credit,57484.594678437556,16768.52532156244,22.58292354794309,2026-03-24|C002|ITM002|74253.12,1,1.5411452047106542,False,False,False,False,False,False,0,Low,normal pattern,2026-03
INV1222,2026-02-12,C008,Bright Retail Hub,Anna Nagar,Retail,ITM006,Desk,Furniture,8,6731.06,10,48463.63,5815.64,54279.27,Credit,43506.61707499761,4957.012925002389,10.22831538826619,2026-02-12|C008|ITM006|48463.63,1,12.886384461274838,False,False,True,False,False,False,10,Low,unusually high quantity,2026-02
INV1223,2026-03-12,C001,Arun Traders,Chennai,Retail,ITM002,Monitor,Electronics,7,11625.54,10,73240.9,13183.36,86424.26,UPI,68302.47616926493,4938.423830735061,6.742713198138009,2026-03-12|C001|ITM002|73240.9,1,4.612440913741649,False,False,False,False,False,False,0,Low,normal pattern,2026-03
INV1224,2026-01-08,C003,Metro Office Mart,Chennai,Corporate,ITM010,Barcode Scanner,POS,8,6393.81,0,51150.48,2557.52,53708.0,Cash,45626.85149348086,5523.6285065191405,10.798781373154544,2026-01-08|C003|ITM010|51150.48,1,13.651013590848402,False,False,True,False,False,False,10,Low,unusually high quantity,2026-01
INV1225,2026-04-03,C007,Prime Tech Solutions,Guindy,Corporate,ITM010,Barcode Scanner,POS,1,7537.82,8,6934.79,832.17,7766.96,Cash,5815.882817624896,1118.9071823751037,16.134694523916423,2026-04-03|C007|ITM010|6934.79,1,1.79894565753925,False,False,False,False,False,False,0,Low,normal pattern,2026-04
INV1226,2026-04-06,C008,Bright Retail Hub,Anna Nagar,Retail,ITM002,Monitor,Electronics,3,12044.24,2,35410.07,4249.21,39659.28,Cash,32030.410325394827,3379.6596746051728,9.544346211699589,2026-04-06|C008|ITM002|35410.07,1,1.1770072917837648,False,False,False,False,False,False,0,Low,normal pattern,2026-04
INV1227,2026-03-05,C002,Sri Lakshmi Stores,Ambattur,Retail,ITM001,Laptop,Electronics,3,51914.34,2,152628.16,27473.07,180101.23,Bank,112831.8790075487,39796.2809924513,26.07400953562652,2026-03-05|C002|ITM001|152628.16,1,0.016890359610593576,True,False,False,False,False,False,20,Low,unusually high transaction value,2026-03
INV1228,2026-03-09,C005,Delta Distributors,Redhills,Wholesale,ITM008,UPS,Electronics,4,5090.45,0,20361.8,3665.12,24026.92,Credit,16695.36566968506,3666.43433031494,18.00643523811716,2026-03-09|C005|ITM008|20361.8,1,20.47147752660076,False,False,False,False,False,False,0,Low,normal pattern,2026-03
INV1229,2026-02-21,C002,Sri Lakshmi Stores,Ambattur,Retail,ITM003,Keyboard,Accessories,2,878.54,8,1616.51,193.98,1810.49,Bank,1465.6076980618682,150.9023019381318,9.335067641903349,2026-02-21|C002|ITM003|1616.51,1,6.2720003870858365,False,False,False,False,False,False,0,Low,normal pattern,2026-02
INV1230,2026-06-24,C006,Vetri Agencies,Poonamallee,Wholesale,ITM006,Desk,Furniture,2,7942.29,0,15884.58,1906.15,17790.73,UPI,11739.682040700804,4144.897959299196,26.093846732486455,2026-06-24|C006|ITM006|15884.58,1,2.7893968493909447,False,False,False,False,False,False,0,Low,normal pattern,2026-06
INV1231,2026-06-29,C003,Metro Office Mart,Chennai,Corporate,ITM006,Desk,Furniture,4,6919.57,0,27678.28,1383.91,29062.19,UPI,20627.546159271988,7050.733840728011,25.47388725284957,2026-06-29|C003|ITM006|27678.28,1,10.446681403330768,False,False,False,False,False,False,0,Low,normal pattern,2026-06
INV1232,2026-05-07,C001,Arun Traders,Chennai,Retail,ITM006,Desk,Furniture,6,7745.23,5,44147.81,2207.39,46355.2,Bank,36965.221343350066,7182.588656649932,16.269411000568166,2026-05-07|C001|ITM006|44147.81,1,0.23903939037836483,False,False,False,False,False,False,0,Low,normal pattern,2026-05
INV1233,2026-01-17,C005,Delta Distributors,Redhills,Wholesale,ITM007,Router,Networking,8,2364.85,10,17026.92,2043.23,19070.15,Bank,16911.926693901798,114.99330609820026,0.675361757136348,2026-01-17|C005|ITM007|17026.92,1,3.173495163844658,False,False,True,False,False,False,10,Low,unusually high quantity,2026-01
INV1234,2026-02-02,C006,Vetri Agencies,Poonamallee,Wholesale,ITM002,Monitor,Electronics,8,11883.9,5,90317.64,10838.12,101155.76,UPI,78651.23054167003,11666.409458329974,12.917088465032936,2026-02-02|C006|ITM002|90317.64,1,2.492597038487202,False,False,True,False,False,False,10,Low,unusually high quantity,2026-02
INV1235,2026-05-22,C003,Metro Office Mart,Chennai,Corporate,ITM003,Keyboard,Accessories,7,897.04,10,5651.35,282.57,5933.92,Bank,5575.65012988736,75.69987011264038,1.3395006522802584,2026-05-22|C003|ITM003|5651.35,1,8.50984044805186,False,False,False,False,False,False,0,Low,normal pattern,2026-05
INV1236,2026-05-13,C003,Metro Office Mart,Chennai,Corporate,ITM005,Office Chair,Furniture,3,5635.38,8,15553.65,777.68,16331.33,Cash,14620.175684978592,933.4743150214072,6.001641511937115,2026-05-13|C003|ITM005|15553.65,1,13.457489530367697,False,False,False,False,False,False,0,Low,normal pattern,2026-05
INV1237,2026-05-13,C005,Delta Distributors,Redhills,Wholesale,ITM002,Monitor,Electronics,5,11204.68,5,53222.23,6386.67,59608.9,UPI,45050.023154983086,8172.206845016917,15.354874917899753,2026-05-13|C005|ITM002|53222.23,1,8.065597336328707,False,False,False,False,False,False,0,Low,normal pattern,2026-05
INV1238,2026-06-10,C005,Delta Distributors,Redhills,Wholesale,ITM010,Barcode Scanner,POS,2,7332.16,0,14664.32,2639.58,17303.9,UPI,12629.754421944812,2034.5655780551879,13.874257913460616,2026-06-10|C005|ITM010|14664.32,1,0.9785113743253353,False,False,False,False,False,False,0,Low,normal pattern,2026-06
INV1239,2026-02-13,C006,Vetri Agencies,Poonamallee,Wholesale,ITM010,Barcode Scanner,POS,1,7979.42,0,7979.42,398.97,8378.39,Bank,5770.801294344298,2208.618705655702,27.678937888414218,2026-02-13|C006|ITM010|7979.42,1,7.762793879222624,False,False,False,False,False,False,0,Low,normal pattern,2026-02
INV1240,2026-06-14,C005,Delta Distributors,Redhills,Wholesale,ITM004,Printer,Electronics,7,11077.59,0,77543.13,9305.18,86848.31,Cash,57354.4596833865,20188.670316613505,26.03540805821677,2026-06-14|C005|ITM004|77543.13,1,0.3378534440671329,False,False,False,False,False,False,0,Low,normal pattern,2026-06
INV1241,2026-06-14,C005,Delta Distributors,Redhills,Wholesale,ITM008,UPS,Electronics,4,4797.95,8,17656.46,2118.78,19775.24,Cash,16683.37705639917,973.082943600828,5.511200680095716,2026-06-14|C005|ITM008|17656.46,1,13.549121511605874,False,False,False,False,False,False,0,Low,normal pattern,2026-06
INV1242,2026-04-27,C002,Sri Lakshmi Stores,Ambattur,Retail,ITM001,Laptop,Electronics,3,51562.46,2,151593.63,18191.24,169784.87,UPI,133561.27219180463,18032.357808195375,11.895194942027164,2026-04-27|C002|ITM001|151593.63,1,0.6945847427089815,True,False,False,False,False,False,20,Low,unusually high transaction value,2026-04
INV1243,2026-03-29,C003,Metro Office Mart,Chennai,Corporate,ITM006,Desk,Furniture,6,8381.8,10,45261.72,5431.41,50693.13,Credit,38315.32002469539,6946.399975304608,15.347185160671332,2026-03-29|C003|ITM006|45261.72,1,8.477550745720057,False,False,False,False,False,False,0,Low,normal pattern,2026-03
INV1244,2026-02-03,C006,Vetri Agencies,Poonamallee,Wholesale,ITM009,External SSD,Storage,2,5491.47,2,10763.28,538.16,11301.44,Cash,8957.010702127314,1806.2692978726864,16.78177375179951,2026-02-03|C006|ITM009|10763.28,1,0.581900104401332,False,False,False,False,False,False,0,Low,normal pattern,2026-02
INV1245,2026-04-26,C004,Greenline Enterprises,Avadi,Corporate,ITM003,Keyboard,Accessories,2,732.42,2,1435.54,258.4,1693.94,Credit,1214.4737186629566,221.0662813370434,15.399520830979519,2026-04-26|C004|ITM003|1435.54,1,11.403307164717136,False,False,False,False,False,False,0,Low,normal pattern,2026-04
INV1246,2026-03-05,C003,Metro Office Mart,Chennai,Corporate,ITM006,Desk,Furniture,6,7082.94,0,42497.64,5099.72,47597.36,Credit,37236.13518087892,5261.504819121081,12.380698832031804,2026-03-05|C003|ITM006|42497.64,1,8.332341110633703,False,False,False,False,False,False,0,Low,normal pattern,2026-03
INV1247,2026-05-08,C005,Delta Distributors,Redhills,Wholesale,ITM008,UPS,Electronics,1,3707.41,2,3633.26,653.99,4287.25,Credit,3071.8089911140496,561.4510088859506,15.453091958350093,2026-05-08|C005|ITM008|3633.26,1,12.25978832973609,False,False,False,False,False,False,0,Low,normal pattern,2026-05
INV1248,2026-03-03,C004,Greenline Enterprises,Avadi,Corporate,ITM010,Barcode Scanner,POS,6,6421.61,0,38529.66,4623.56,43153.22,Credit,30602.67881216064,7926.981187839363,20.573711753073766,2026-03-03|C004|ITM010|38529.66,1,13.275572058776861,False,False,False,False,False,False,0,Low,normal pattern,2026-03
INV1249,2026-03-15,C001,Arun Traders,Chennai,Retail,ITM002,Monitor,Electronics,7,11047.52,0,77332.64,13919.88,91252.52,Cash,60888.095986059365,16444.544013940635,21.264687218670712,2026-03-15|C001|ITM002|77332.64,1,9.35509518210588,False,False,False,False,False,False,0,Low,normal pattern,2026-03
INV1250,2026-04-14,C006,Vetri Agencies,Poonamallee,Wholesale,ITM001,Laptop,Electronics,7,49262.85,5,327597.95,16379.9,343977.85,Cash,274719.7723267686,52878.1776732314,16.14118088139178,2026-04-14|C006|ITM001|327597.95,1,5.12346043986965,True,False,False,False,False,True,35,Medium,unusually high transaction value; high-value cash transaction,2026-04
INV1251,2026-05-22,C005,Delta Distributors,Redhills,Wholesale,ITM002,Monitor,Electronics,7,11980.72,10,75478.54,13586.14,89064.68,Cash,70224.188676751,5254.351323248993,6.961384419000412,2026-05-22|C005|ITM002|75478.54,1,1.6981889102857157,False,False,False,False,False,False,0,Low,normal pattern,2026-05
INV1252,2026-06-09,C002,Sri Lakshmi Stores,Ambattur,Retail,ITM003,Keyboard,Accessories,2,857.38,10,1543.28,185.19,1728.47,Cash,1502.384082426651,40.895917573348925,2.6499350457045336,2026-06-09|C002|ITM003|1543.28,1,3.7123952146511923,False,False,False,False,False,False,0,Low,normal pattern,2026-06
INV1253,2026-02-06,C004,Greenline Enterprises,Avadi,Corporate,ITM010,Barcode Scanner,POS,7,7327.16,0,51290.12,2564.51,53854.63,UPI,41119.36299887747,10170.757001122533,19.829856122626605,2026-02-06|C004|ITM010|51290.12,1,1.046036829733888,False,False,False,False,False,False,0,Low,normal pattern,2026-02
INV1254,2026-03-27,C008,Bright Retail Hub,Anna Nagar,Retail,ITM009,External SSD,Storage,8,5173.92,5,39321.79,1966.09,41287.88,Cash,31648.294183025217,7673.495816974784,19.51461471355903,2026-03-27|C008|ITM009|39321.79,1,5.2343535359085775,False,False,True,False,False,False,10,Low,unusually high quantity,2026-03
INV1255,2026-06-06,C006,Vetri Agencies,Poonamallee,Wholesale,ITM003,Keyboard,Accessories,7,1074.58,8,6920.3,830.44,7750.74,Cash,5736.317128957725,1183.9828710422753,17.108837348702732,2026-06-06|C006|ITM003|6920.3,1,29.985847173668468,False,False,False,False,False,False,0,Low,normal pattern,2026-06
INV1256,2026-05-10,C008,Bright Retail Hub,Anna Nagar,Retail,ITM010,Barcode Scanner,POS,5,7276.63,0,36383.15,4365.98,40749.13,Cash,31081.490902843085,5301.659097156917,14.57174295561796,2026-05-10|C008|ITM010|36383.15,1,1.7284490820927176,False,False,False,False,False,False,0,Low,normal pattern,2026-05
INV1257,2026-06-22,C002,Sri Lakshmi Stores,Ambattur,Retail,ITM007,Router,Networking,5,2637.54,8,12132.68,2183.88,14316.56,Bank,11433.503498652992,699.1765013470085,5.762753994558569,2026-06-22|C002|ITM007|12132.68,1,15.070393654754783,False,False,False,False,False,False,0,Low,normal pattern,2026-06
INV1258,2026-06-02,C008,Bright Retail Hub,Anna Nagar,Retail,ITM005,Office Chair,Furniture,4,6779.98,5,25763.92,3091.67,28855.59,UPI,20040.266358611545,5723.653641388453,22.215771673675643,2026-06-02|C008|ITM005|25763.92,1,4.120128568773991,False,False,False,False,False,False,0,Low,normal pattern,2026-06
INV1259,2026-05-15,C007,Prime Tech Solutions,Guindy,Corporate,ITM003,Keyboard,Accessories,4,725.49,8,2669.8,133.49,2803.29,UPI,2124.1784052953367,545.6215947046635,20.43679656546046,2026-05-15|C007|ITM003|2669.8,1,12.24158995512224,False,False,False,False,False,False,0,Low,normal pattern,2026-05
INV1260,2026-01-05,C008,Bright Retail Hub,Anna Nagar,Retail,ITM006,Desk,Furniture,7,6991.31,8,45024.04,2251.2,47275.24,Credit,40472.598622373975,4551.441377626026,10.108913766125887,2026-01-05|C008|ITM006|45024.04,1,9.51821979717242,False,False,False,False,False,False,0,Low,normal pattern,2026-01
INV1261,2026-05-09,C008,Bright Retail Hub,Anna Nagar,Retail,ITM001,Laptop,Electronics,3,52030.6,5,148287.21,17794.47,166081.68,Credit,116493.05606361799,31794.153936382005,21.440928004769937,2026-05-09|C008|ITM001|148287.21,1,0.2070176458998661,True,False,False,False,False,False,20,Low,unusually high transaction value,2026-05
INV1262,2026-05-15,C007,Prime Tech Solutions,Guindy,Corporate,ITM006,Desk,Furniture,3,7726.76,5,22021.27,2642.55,24663.82,Cash,20130.672031335238,1890.5979686647624,8.58532668036295,2026-05-15|C007|ITM006|22021.27,1,0.0,False,False,False,False,False,False,0,Low,normal pattern,2026-05
INV1263,2026-06-23,C005,Delta Distributors,Redhills,Wholesale,ITM010,Barcode Scanner,POS,8,6709.68,0,53677.44,6441.29,60118.73,Cash,41646.19155110623,12031.24844889377,22.413975869366666,2026-06-23|C005|ITM010|53677.44,1,9.385160470868499,False,False,True,False,False,False,10,Low,unusually high quantity,2026-06
INV1264,2026-02-27,C005,Delta Distributors,Redhills,Wholesale,ITM005,Office Chair,Furniture,4,6716.23,2,26327.62,3159.31,29486.93,Credit,20038.461834512716,6289.1581654872825,23.888061911738635,2026-02-27|C005|ITM005|26327.62,1,3.1411200471766785,False,False,False,False,False,False,0,Low,normal pattern,2026-02
INV1265,2026-03-31,C005,Delta Distributors,Redhills,Wholesale,ITM005,Office Chair,Furniture,2,6477.33,5,12306.93,1476.83,13783.76,Credit,11474.909881400568,832.020118599432,6.760582197180222,2026-03-31|C005|ITM005|12306.93,1,0.5276663968954385,False,False,False,False,False,False,0,Low,normal pattern,2026-03
INV1266,2026-03-30,C003,Metro Office Mart,Chennai,Corporate,ITM005,Office Chair,Furniture,1,5892.49,8,5421.09,271.05,5692.14,Cash,4418.163723762072,1002.9262762379285,18.500454267277032,2026-03-30|C003|ITM005|5421.09,1,9.509052181538138,False,False,False,False,False,False,0,Low,normal pattern,2026-03
INV1267,2026-04-24,C005,Delta Distributors,Redhills,Wholesale,ITM008,UPS,Electronics,4,3878.36,5,14737.77,1768.53,16506.3,Cash,11964.734624546032,2773.0353754539683,18.815841036018124,2026-04-24|C005|ITM008|14737.77,1,8.214055814305738,False,False,False,False,False,False,0,Low,normal pattern,2026-04
INV1268,2026-02-05,C002,Sri Lakshmi Stores,Ambattur,Retail,ITM010,Barcode Scanner,POS,4,6810.37,8,25062.16,4511.19,29573.35,UPI,20367.10372191418,4695.05627808582,18.73364577548711,2026-02-05|C002|ITM010|25062.16,1,8.025332849851072,False,False,False,False,False,False,0,Low,normal pattern,2026-02
INV1269,2026-06-13,C004,Greenline Enterprises,Avadi,Corporate,ITM001,Laptop,Electronics,2,51406.74,8,94588.4,11350.61,105939.01,Bank,76163.01396315421,18425.386036845783,19.479540870599127,2026-06-13|C004|ITM001|94588.4,1,0.99448973684358,False,False,False,False,False,False,0,Low,normal pattern,2026-06
INV1270,2026-06-24,C003,Metro Office Mart,Chennai,Corporate,ITM001,Laptop,Electronics,3,51368.89,2,151024.54,18122.94,169147.48,UPI,111543.43146744858,39481.10853255143,26.142180954533234,2026-06-24|C003|ITM001|151024.54,1,1.0673859867022626,True,False,False,False,False,False,20,Low,unusually high transaction value,2026-06
INV1271,2026-03-15,C006,Vetri Agencies,Poonamallee,Wholesale,ITM005,Office Chair,Furniture,1,7161.64,0,7161.64,1289.1,8450.74,UPI,5227.790756055683,1933.849243944317,27.002882635043328,2026-03-15|C006|ITM005|7161.64,1,9.981279821367414,False,False,False,False,False,False,0,Low,normal pattern,2026-03
INV1272,2026-05-17,C001,Arun Traders,Chennai,Retail,ITM003,Keyboard,Accessories,7,1035.14,0,7245.98,362.3,7608.28,Credit,5444.886349002919,1801.0936509970807,24.85645352315464,2026-05-17|C001|ITM003|7245.98,1,25.215014092344173,False,False,False,False,False,False,0,Low,normal pattern,2026-05
INV1273,2026-05-07,C003,Metro Office Mart,Chennai,Corporate,ITM005,Office Chair,Furniture,1,5322.96,5,5056.81,910.23,5967.04,Bank,3883.6781805774867,1173.1318194225137,23.199048796029782,2026-05-07|C003|ITM005|5056.81,1,18.2553223510333,False,False,False,False,False,False,0,Low,normal pattern,2026-05
INV1274,2026-03-27,C005,Delta Distributors,Redhills,Wholesale,ITM008,UPS,Electronics,8,4927.01,0,39416.08,7094.89,46510.97,Credit,32573.680550520363,6842.399449479639,17.35941131000251,2026-03-27|C005|ITM008|39416.08,1,16.603477980991318,False,False,True,False,False,False,10,Low,unusually high quantity,2026-03
INV1275,2026-03-11,C004,Greenline Enterprises,Avadi,Corporate,ITM002,Monitor,Electronics,6,11119.49,2,65382.6,11768.87,77151.47,Cash,56210.931043489996,9171.668956510002,14.027690787013675,2026-03-11|C004|ITM002|65382.6,1,8.764581311142642,False,False,False,False,False,False,0,Low,normal pattern,2026-03
INV1276,2026-02-17,C001,Arun Traders,Chennai,Retail,ITM006,Desk,Furniture,5,7984.73,10,35931.28,1796.56,37727.84,UPI,31573.757625822353,4357.522374177646,12.12737863548876,2026-02-17|C001|ITM006|35931.28,1,3.3386568238174776,False,False,False,False,False,False,0,Low,normal pattern,2026-02
INV1277,2026-06-06,C007,Prime Tech Solutions,Guindy,Corporate,ITM007,Router,Networking,6,1923.26,8,10616.4,530.82,11147.22,UPI,8968.989121693918,1647.410878306082,15.517603691515786,2026-06-06|C007|ITM007|10616.4,1,16.092159625846932,False,False,False,False,False,False,0,Low,normal pattern,2026-06
INV1278,2026-02-05,C008,Bright Retail Hub,Anna Nagar,Retail,ITM006,Desk,Furniture,4,6646.3,2,26053.5,1302.68,27356.18,Credit,21555.67156496701,4497.828435032989,17.263816512303485,2026-02-05|C008|ITM006|26053.5,1,13.983351365902397,False,False,False,False,False,False,0,Low,normal pattern,2026-02
INV1279,2026-03-10,C006,Vetri Agencies,Poonamallee,Wholesale,ITM005,Office Chair,Furniture,1,5839.14,0,5839.14,1051.05,6890.19,UPI,5123.850544511964,715.2894554880368,12.249911039777034,2026-03-10|C006|ITM005|5839.14,1,10.328347940396428,False,False,False,False,False,False,0,Low,normal pattern,2026-03
INV1280,2026-01-16,C002,Sri Lakshmi Stores,Ambattur,Retail,ITM008,UPS,Electronics,5,3813.73,8,17543.16,3157.77,20700.93,Cash,16650.81559724459,892.3444027554106,5.086565947955845,2026-01-16|C002|ITM008|17543.16,1,9.743600666439482,False,False,False,False,False,False,0,Low,normal pattern,2026-01
INV1281,2026-06-26,C002,Sri Lakshmi Stores,Ambattur,Retail,ITM005,Office Chair,Furniture,6,6561.52,0,39369.12,1968.46,41337.58,Credit,28653.84988801003,10715.270111989972,27.217448883769745,2026-06-26|C002|ITM005|39369.12,1,0.7652391314697095,False,False,False,False,False,False,0,Low,normal pattern,2026-06
INV1282,2026-02-09,C008,Bright Retail Hub,Anna Nagar,Retail,ITM010,Barcode Scanner,POS,6,7158.19,5,40801.68,4896.2,45697.88,UPI,32326.51690863692,8475.16309136308,20.771603255951913,2026-02-09|C008|ITM010|40801.68,1,3.3279920698105196,False,False,False,False,False,False,0,Low,normal pattern,2026-02
INV1283,2026-03-05,C002,Sri Lakshmi Stores,Ambattur,Retail,ITM009,External SSD,Storage,8,5881.57,0,47052.56,2352.63,49405.19,Bank,35882.94460541973,11169.615394580265,23.738592320120873,2026-03-05|C002|ITM009|47052.56,1,7.726981335970821,False,False,True,False,False,False,10,Low,unusually high quantity,2026-03
INV1284,2026-01-16,C004,Greenline Enterprises,Avadi,Corporate,ITM010,Barcode Scanner,POS,3,6654.06,10,17965.96,3233.87,21199.83,Credit,15268.867142134726,2697.092857865273,15.012239022380507,2026-01-16|C004|ITM010|17965.96,1,10.136313636833236,False,False,False,False,False,False,0,Low,normal pattern,2026-01
INV1285,2026-01-30,C004,Greenline Enterprises,Avadi,Corporate,ITM010,Barcode Scanner,POS,8,6506.43,5,49448.87,5933.86,55382.73,Bank,42829.06357768137,6619.80642231863,13.387174312211037,2026-01-30|C004|ITM010|49448.87,1,12.130070233226164,False,False,True,False,False,False,10,Low,unusually high quantity,2026-01
INV1286,2026-04-27,C003,Metro Office Mart,Chennai,Corporate,ITM009,External SSD,Storage,7,5748.39,0,40238.73,7242.97,47481.7,Credit,31986.86244426285,8251.867555737153,20.507276337342535,2026-04-27|C003|ITM009|40238.73,1,5.287653167756462,False,False,False,False,False,False,0,Low,normal pattern,2026-04
INV1287,2026-06-22,C005,Delta Distributors,Redhills,Wholesale,ITM001,Laptop,Electronics,7,50466.39,0,353264.73,63587.65,416852.38,UPI,257482.55940796962,95782.17059203036,27.11342584130331,2026-06-22|C005|ITM001|353264.73,1,2.80553302758637,True,False,False,False,False,False,20,Low,unusually high transaction value,2026-06
INV1288,2026-05-29,C002,Sri Lakshmi Stores,Ambattur,Retail,ITM001,Laptop,Electronics,7,50999.61,0,356997.27,64259.51,421256.78,Bank,281046.2953434244,75950.97465657559,21.274945507727715,2026-05-29|C002|ITM001|356997.27,1,1.778591459563959,True,False,False,False,False,False,20,Low,unusually high transaction value,2026-05
INV1289,2026-01-18,C008,Bright Retail Hub,Anna Nagar,Retail,ITM001,Laptop,Electronics,5,51380.49,10,231212.2,11560.61,242772.81,Credit,209189.37882965134,22022.821170348674,9.524939069109967,2026-01-18|C008|ITM001|231212.2,1,1.0450452601933948,True,False,False,False,False,False,20,Low,unusually high transaction value,2026-01
INV1290,2026-04-06,C007,Prime Tech Solutions,Guindy,Corporate,ITM008,UPS,Electronics,7,4143.24,8,26682.47,4802.84,31485.31,UPI,21412.705979683356,5269.764020316645,19.749910785308273,2026-04-06|C007|ITM008|26682.47,1,1.9453595365216574,False,False,False,False,False,False,0,Low,normal pattern,2026-04
INV1291,2026-06-17,C006,Vetri Agencies,Poonamallee,Wholesale,ITM002,Monitor,Electronics,3,13211.97,2,38843.19,6991.77,45834.96,UPI,34484.13508080483,4359.054919195172,11.222185714394652,2026-06-17|C006|ITM002|38843.19,1,8.404217698349719,False,False,False,False,False,False,0,Low,normal pattern,2026-06
INV1292,2026-02-27,C001,Arun Traders,Chennai,Retail,ITM001,Laptop,Electronics,5,51700.98,8,237824.51,42808.41,280632.92,Credit,188541.35947698753,49283.150523012475,20.722485888024103,2026-02-27|C001|ITM001|237824.51,1,0.42780565339787496,True,False,False,False,False,False,20,Low,unusually high transaction value,2026-02
INV1293,2026-05-17,C007,Prime Tech Solutions,Guindy,Corporate,ITM004,Printer,Electronics,4,10594.12,0,42376.48,5085.18,47461.66,UPI,37565.543333809175,4810.936666190828,11.352846357674888,2026-05-17|C007|ITM004|42376.48,1,4.041288770494254,False,False,False,False,False,False,0,Low,normal pattern,2026-05
INV1294,2026-01-29,C001,Arun Traders,Chennai,Retail,ITM007,Router,Networking,1,2078.11,0,2078.11,103.91,2182.02,Bank,1533.31344191674,544.7965580832602,26.215963451562242,2026-01-29|C001|ITM007|2078.11,1,9.336375653873505,False,False,False,False,False,False,0,Low,normal pattern,2026-01
INV1295,2026-04-25,C001,Arun Traders,Chennai,Retail,ITM004,Printer,Electronics,1,10414.95,0,10414.95,1874.69,12289.64,UPI,9080.206369585743,1334.7436304142575,12.815650871240452,2026-04-25|C001|ITM004|10414.95,1,5.664162807317562,False,False,False,False,False,False,0,Low,normal pattern,2026-04
INV1296,2026-01-15,C003,Metro Office Mart,Chennai,Corporate,ITM009,External SSD,Storage,5,5332.95,8,24531.57,4415.68,28947.25,Cash,23531.043675517907,1000.5263244820926,4.078525444894447,2026-01-15|C003|ITM009|24531.57,1,2.321556129457679,False,False,False,False,False,False,0,Low,normal pattern,2026-01
INV1297,2026-05-28,C006,Vetri Agencies,Poonamallee,Wholesale,ITM004,Printer,Electronics,5,11870.11,8,54602.51,9828.45,64430.96,UPI,53197.24655820395,1405.2634417960508,2.5736242560938147,2026-05-28|C006|ITM004|54602.51,1,7.516288068519936,False,False,False,False,False,False,0,Low,normal pattern,2026-05
INV1298,2026-04-16,C005,Delta Distributors,Redhills,Wholesale,ITM005,Office Chair,Furniture,1,6443.05,5,6120.9,1101.76,7222.66,UPI,5569.14471262142,551.7552873785799,9.01428364094463,2026-04-16|C005|ITM005|6120.9,1,1.054104234077487,False,False,False,False,False,False,0,Low,normal pattern,2026-04
INV1299,2026-06-10,C007,Prime Tech Solutions,Guindy,Corporate,ITM009,External SSD,Storage,8,4983.49,0,39867.92,7176.23,47044.15,Credit,34298.60908270825,5569.310917291747,13.969404266116081,2026-06-10|C007|ITM009|39867.92,1,8.722274117625526,False,False,True,False,False,False,10,Low,unusually high quantity,2026-06
INV1300,2026-05-15,C006,Vetri Agencies,Poonamallee,Wholesale,ITM007,Router,Networking,7,1986.11,2,13624.71,681.24,14305.95,Credit,11617.80789870227,2006.9021012977282,14.729870223276153,2026-05-15|C006|ITM007|13624.71,1,13.350144626566799,False,False,False,False,False,False,0,Low,normal pattern,2026-05
INV1301,2026-03-03,C004,Greenline Enterprises,Avadi,Corporate,ITM005,Office Chair,Furniture,3,6952.62,0,20857.86,3754.41,24612.27,Credit,17942.334642774178,2915.5253572258225,13.978065617593666,2026-03-03|C004|ITM005|20857.86,1,6.771360430241602,False,False,False,False,False,False,0,Low,normal pattern,2026-03
INV1302,2026-04-17,C003,Metro Office Mart,Chennai,Corporate,ITM007,Router,Networking,4,2092.53,0,8370.12,1506.62,9876.74,Bank,6229.20566352295,2140.9143364770507,25.57806024856335,2026-04-17|C003|ITM007|8370.12,1,8.707260995327445,False,False,False,False,False,False,0,Low,normal pattern,2026-04
INV1303,2026-04-26,C006,Vetri Agencies,Poonamallee,Wholesale,ITM002,Monitor,Electronics,4,10839.87,2,42492.29,7648.61,50140.9,Bank,35402.67923099596,7089.610769004044,16.684463861571228,2026-04-26|C006|ITM002|42492.29,1,11.058863492589651,False,False,False,False,False,False,0,Low,normal pattern,2026-04
INV1304,2026-01-19,C004,Greenline Enterprises,Avadi,Corporate,ITM010,Barcode Scanner,POS,4,7285.66,10,26228.38,3147.41,29375.79,Cash,23680.146957430676,2548.2330425693253,9.715556365163708,2026-01-19|C004|ITM010|26228.38,1,1.6064981096248747,False,False,False,False,False,False,0,Low,normal pattern,2026-01
INV1305,2026-01-04,C004,Greenline Enterprises,Avadi,Corporate,ITM004,Printer,Electronics,2,11472.92,10,20651.26,2478.15,23129.41,UPI,20062.993177348766,588.2668226512324,2.848575935082084,2026-01-04|C004|ITM004|20651.26,1,3.9186470645245657,False,False,False,False,False,False,0,Low,normal pattern,2026-01
INV1306,2026-06-28,C004,Greenline Enterprises,Avadi,Corporate,ITM007,Router,Networking,4,2391.39,10,8609.0,1033.08,9642.08,Credit,7684.051517918408,924.9484820815924,10.743971217116883,2026-06-28|C004|ITM007|8609.0,1,4.331380256619435,False,False,False,False,False,False,0,Low,normal pattern,2026-06
INV1307,2026-04-30,C006,Vetri Agencies,Poonamallee,Wholesale,ITM005,Office Chair,Furniture,5,6039.83,2,29595.17,3551.42,33146.59,Bank,23836.67558210862,5758.494417891379,19.45754803196393,2026-04-30|C006|ITM005|29595.17,1,7.246352329426011,False,False,False,False,False,False,0,Low,normal pattern,2026-04
INV1308,2026-05-01,C006,Vetri Agencies,Poonamallee,Wholesale,ITM004,Printer,Electronics,6,10140.67,0,60844.02,10951.92,71795.94,UPI,50812.142483954914,10031.877516045082,16.487861117732002,2026-05-01|C006|ITM004|60844.02,1,8.148517837846656,False,False,False,False,False,False,0,Low,normal pattern,2026-05
INV1309,2026-02-07,C001,Arun Traders,Chennai,Retail,ITM005,Office Chair,Furniture,7,5907.96,0,41355.72,4962.69,46318.41,UPI,31759.679222790495,9596.040777209506,23.203660284984775,2026-02-07|C001|ITM005|41355.72,1,9.271479446963852,False,False,False,False,False,False,0,Low,normal pattern,2026-02
INV1310,2026-04-08,C004,Greenline Enterprises,Avadi,Corporate,ITM008,UPS,Electronics,6,3962.68,10,21398.47,2567.82,23966.29,Credit,17716.943685656544,3681.5263143434568,17.20462404248274,2026-04-08|C004|ITM008|21398.47,1,6.218523988034398,False,False,False,False,False,False,0,Low,normal pattern,2026-04
INV1311,2026-04-28,C003,Metro Office Mart,Chennai,Corporate,ITM006,Desk,Furniture,3,6963.94,5,19847.23,2381.67,22228.9,UPI,16839.181078379057,3008.0489216209426,15.156013819666233,2026-04-28|C003|ITM006|19847.23,1,9.872443300943742,False,False,False,False,False,False,0,Low,normal pattern,2026-04
INV1312,2026-05-19,C001,Arun Traders,Chennai,Retail,ITM009,External SSD,Storage,1,6461.7,0,6461.7,1163.11,7624.81,Bank,5137.310525948922,1324.3894740510777,20.49599136529207,2026-05-19|C001|ITM009|6461.7,1,18.352656739381263,False,False,False,False,False,False,0,Low,normal pattern,2026-05
INV1313,2026-01-02,C007,Prime Tech Solutions,Guindy,Corporate,ITM003,Keyboard,Accessories,4,738.74,0,2954.96,147.75,3102.71,UPI,2251.273476863736,703.686523136264,23.813741070480276,2026-01-02|C007|ITM003|2954.96,1,10.638812614160088,False,False,False,False,False,False,0,Low,normal pattern,2026-01
INV1314,2026-05-10,C008,Bright Retail Hub,Anna Nagar,Retail,ITM006,Desk,Furniture,1,8104.15,8,7455.82,1342.05,8797.87,Credit,6371.0947504700125,1084.7252495299872,14.548704898052625,2026-05-10|C008|ITM006|7455.82,1,4.884194668916848,False,False,False,False,False,False,0,Low,normal pattern,2026-05
INV1315,2026-06-18,C008,Bright Retail Hub,Anna Nagar,Retail,ITM001,Laptop,Electronics,1,52110.7,2,51068.49,2553.42,53621.91,Bank,40956.438066328905,10112.051933671093,19.80096128487663,2026-06-18|C008|ITM001|51068.49,1,0.36128421429301233,False,False,False,False,False,False,0,Low,normal pattern,2026-06
INV1316,2026-05-16,C005,Delta Distributors,Redhills,Wholesale,ITM009,External SSD,Storage,5,4927.99,10,22175.95,3991.67,26167.62,Credit,19193.26937982244,2982.6806201775617,13.450069197385284,2026-05-16|C005|ITM009|22175.95,1,9.738813487920597,False,False,False,False,False,False,0,Low,normal pattern,2026-05
INV1317,2026-02-15,C002,Sri Lakshmi Stores,Ambattur,Retail,ITM002,Monitor,Electronics,3,11317.24,5,32254.13,5805.74,38059.87,Cash,26764.260873290346,5489.869126709655,17.0206703039569,2026-02-15|C002|ITM002|32254.13,1,7.142042503542514,False,False,False,False,False,False,0,Low,normal pattern,2026-02
INV1318,2026-04-01,C005,Delta Distributors,Redhills,Wholesale,ITM007,Router,Networking,2,2211.29,2,4334.13,520.1,4854.23,UPI,3730.1534648543798,603.9765351456203,13.93535807983656,2026-04-01|C005|ITM007|4334.13,1,3.5260087866638234,False,False,False,False,False,False,0,Low,normal pattern,2026-04
INV1319,2026-06-28,C004,Greenline Enterprises,Avadi,Corporate,ITM005,Office Chair,Furniture,2,6641.54,10,11954.77,2151.86,14106.63,Bank,10273.635713132702,1681.1342868672982,14.06245613146299,2026-06-28|C004|ITM005|11954.77,1,1.994105984775065,False,False,False,False,False,False,0,Low,normal pattern,2026-06
INV1320,2026-01-24,C007,Prime Tech Solutions,Guindy,Corporate,ITM007,Router,Networking,7,2392.02,0,16744.14,3013.95,19758.09,Bank,14915.586593705651,1828.553406294348,10.920557319123873,2026-01-24|C007|ITM007|16744.14,1,4.358865848497666,False,False,False,False,False,False,0,Low,normal pattern,2026-01
INV1321,2026-06-29,C003,Metro Office Mart,Chennai,Corporate,ITM002,Monitor,Electronics,8,12840.23,8,94504.09,11340.49,105844.58,Bank,90902.93663651716,3601.1533634828374,3.81057937649348,2026-06-29|C003|ITM002|94504.09,1,5.354090890070219,False,False,True,False,False,False,10,Low,unusually high quantity,2026-06
INV1322,2026-05-16,C001,Arun Traders,Chennai,Retail,ITM004,Printer,Electronics,4,11946.91,8,43964.63,7913.63,51878.26,Credit,38543.78419557299,5420.845804427008,12.330015752269514,2026-05-16|C001|ITM004|43964.63,1,8.211921969441011,False,False,False,False,False,False,0,Low,normal pattern,2026-05
INV1323,2026-03-11,C001,Arun Traders,Chennai,Retail,ITM002,Monitor,Electronics,5,12976.27,5,61637.28,11094.71,72731.99,Bank,50549.38528829958,11087.89471170042,17.988942263027216,2026-03-11|C001|ITM002|61637.28,1,6.4702991296956185,False,False,False,False,False,False,0,Low,normal pattern,2026-03
INV1324,2026-02-15,C006,Vetri Agencies,Poonamallee,Wholesale,ITM001,Laptop,Electronics,4,52435.25,10,188766.9,33978.04,222744.94,Credit,171227.99308567223,17538.90691432776,9.291304203399939,2026-02-15|C006|ITM001|188766.9,1,0.9863430753666323,True,False,False,False,False,False,20,Low,unusually high transaction value,2026-02
INV1325,2026-01-20,C005,Delta Distributors,Redhills,Wholesale,ITM003,Keyboard,Accessories,4,920.28,10,3313.01,397.56,3710.57,Cash,3212.663937558186,100.34606244181441,3.0288487641695743,2026-01-20|C005|ITM003|3313.01,1,11.32105142193566,False,False,False,False,False,False,0,Low,normal pattern,2026-01
INV1326,2026-04-09,C003,Metro Office Mart,Chennai,Corporate,ITM002,Monitor,Electronics,6,10845.32,2,63770.48,3188.52,66959.0,Bank,54495.502419229146,9274.977580770857,14.544312008896368,2026-04-09|C003|ITM002|63770.48,1,11.014146241002196,False,False,False,False,False,False,0,Low,normal pattern,2026-04
INV1327,2026-03-29,C007,Prime Tech Solutions,Guindy,Corporate,ITM006,Desk,Furniture,1,8143.02,10,7328.72,879.45,8208.17,Credit,7042.00657370573,286.71342629427,3.912189663328248,2026-03-29|C007|ITM006|7328.72,1,5.387251577634095,False,False,False,False,False,False,0,Low,normal pattern,2026-03
INV1328,2026-02-28,C006,Vetri Agencies,Poonamallee,Wholesale,ITM009,External SSD,Storage,7,5701.83,8,36719.79,6609.56,43329.35,Credit,32564.462937728298,4155.327062271703,11.316314887072346,2026-02-28|C006|ITM009|36719.79,1,4.434859058189995,False,False,False,False,False,False,0,Low,normal pattern,2026-02
INV1329,2026-01-22,C005,Delta Distributors,Redhills,Wholesale,ITM004,Printer,Electronics,2,9431.86,0,18863.72,2263.65,21127.37,UPI,15730.930969482277,3132.7890305177243,16.60748267318283,2026-01-22|C005|ITM004|18863.72,1,14.568729625761645,False,False,False,False,False,False,0,Low,normal pattern,2026-01
INV1330,2026-04-10,C006,Vetri Agencies,Poonamallee,Wholesale,ITM006,Desk,Furniture,2,6848.37,0,13696.74,1643.61,15340.35,Cash,10572.075454859547,3124.664545140453,22.813198944715698,2026-04-10|C006|ITM006|13696.74,1,11.368154310474251,False,False,False,False,False,False,0,Low,normal pattern,2026-04
INV1331,2026-03-11,C002,Sri Lakshmi Stores,Ambattur,Retail,ITM003,Keyboard,Accessories,2,782.21,2,1533.13,275.96,1809.09,Credit,1333.325080976664,199.8049190233362,13.032483809157489,2026-03-11|C002|ITM003|1533.13,1,5.380493292528035,False,False,False,False,False,False,0,Low,normal pattern,2026-03
INV1332,2026-01-27,C001,Arun Traders,Chennai,Retail,ITM002,Monitor,Electronics,6,12106.63,5,69007.79,12421.4,81429.19,Cash,54947.1141208155,14060.675879184491,20.375490765875117,2026-01-27|C001|ITM002|69007.79,1,0.6650973236109657,False,False,False,False,False,False,0,Low,normal pattern,2026-01
INV1333,2026-04-09,C001,Arun Traders,Chennai,Retail,ITM005,Office Chair,Furniture,7,6097.44,0,42682.08,7682.77,50364.85,UPI,36069.07487725466,6613.005122745344,15.493633681267042,2026-04-09|C001|ITM005|42682.08,1,6.36163576583039,False,False,False,False,False,False,0,Low,normal pattern,2026-04
INV1334,2026-05-27,C003,Metro Office Mart,Chennai,Corporate,ITM007,Router,Networking,3,1975.67,0,5927.01,711.24,6638.25,Credit,5185.7154945284865,741.2945054715137,12.507056770133907,2026-05-27|C003|ITM007|5927.01,1,13.805620149120246,False,False,False,False,False,False,0,Low,normal pattern,2026-05
INV1335,2026-02-07,C002,Sri Lakshmi Stores,Ambattur,Retail,ITM003,Keyboard,Accessories,7,814.45,0,5701.15,684.14,6385.29,Bank,4240.392856358706,1460.7571436412936,25.622148928572198,2026-02-07|C002|ITM003|5701.15,1,1.4806033700661685,False,False,False,False,False,False,0,Low,normal pattern,2026-02
INV1336,2026-04-03,C005,Delta Distributors,Redhills,Wholesale,ITM004,Printer,Electronics,8,11002.99,0,88023.92,10562.87,98586.79,Bank,73111.64276359488,14912.27723640512,16.941164670245453,2026-04-03|C005|ITM004|88023.92,1,0.3378534440671494,False,False,True,False,False,False,10,Low,unusually high quantity,2026-04
INV1337,2026-02-04,C005,Delta Distributors,Redhills,Wholesale,ITM001,Laptop,Electronics,7,50926.73,5,338662.75,40639.53,379302.28,Cash,262772.7927227599,75889.95727724012,22.40871110780271,2026-02-04|C005|ITM001|338662.75,1,1.9189528516300303,True,False,False,False,False,True,35,Medium,unusually high transaction value; high-value cash transaction,2026-02
INV1338,2026-04-23,C006,Vetri Agencies,Poonamallee,Wholesale,ITM007,Router,Networking,3,2138.24,5,6093.98,1096.92,7190.9,UPI,5456.5456598973515,637.4343401026481,10.460066165341011,2026-04-23|C006|ITM007|6093.98,1,6.71302860682953,False,False,False,False,False,False,0,Low,normal pattern,2026-04
INV1339,2026-05-03,C006,Vetri Agencies,Poonamallee,Wholesale,ITM003,Keyboard,Accessories,7,1066.62,0,7466.34,1343.94,8810.28,Credit,5489.318717897543,1977.021282102457,26.479122061176653,2026-05-03|C006|ITM003|7466.34,1,29.022971125814976,False,False,False,False,False,False,0,Low,normal pattern,2026-05
INV1340,2026-05-28,C004,Greenline Enterprises,Avadi,Corporate,ITM006,Desk,Furniture,7,7298.8,10,45982.44,5517.89,51500.33,Cash,45393.311348188436,589.1286518115667,1.2812035459874827,2026-05-28|C004|ITM006|45982.44,1,5.538673389622558,False,False,False,False,False,False,0,Low,normal pattern,2026-05
INV1341,2026-01-30,C004,Greenline Enterprises,Avadi,Corporate,ITM010,Barcode Scanner,POS,3,7691.52,5,21920.83,1096.04,23016.87,Credit,17184.396154703954,4736.433845296047,21.607000489014546,2026-01-30|C004|ITM010|21920.83,1,3.8746781567981676,False,False,False,False,False,False,0,Low,normal pattern,2026-01
INV1342,2026-02-23,C008,Bright Retail Hub,Anna Nagar,Retail,ITM005,Office Chair,Furniture,2,6979.6,10,12563.28,1507.59,14070.87,Credit,12459.960203164928,103.31979683507234,0.8223950818183813,2026-02-23|C008|ITM005|12563.28,1,7.185692193578008,False,False,False,False,False,False,0,Low,normal pattern,2026-02
INV1343,2026-02-05,C005,Delta Distributors,Redhills,Wholesale,ITM004,Printer,Electronics,5,11202.1,8,51529.66,6183.56,57713.22,Credit,48401.986166030576,3127.6738339694275,6.069657424422027,2026-02-05|C005|ITM004|51529.66,1,1.4656317904692673,False,False,False,False,False,False,0,Low,normal pattern,2026-02
INV1344,2026-01-19,C008,Bright Retail Hub,Anna Nagar,Retail,ITM010,Barcode Scanner,POS,8,7491.98,5,56939.05,10249.03,67188.08,Credit,49558.71413350344,7380.3358664965635,12.961817709456977,2026-01-19|C008|ITM010|56939.05,1,1.1798722823536374,False,False,True,False,False,False,10,Low,unusually high quantity,2026-01
INV1345,2026-05-20,C001,Arun Traders,Chennai,Retail,ITM006,Desk,Furniture,2,6890.96,0,13781.92,2480.75,16262.67,Cash,11864.473704013688,1917.4462959863122,13.912766116668157,2026-05-20|C001|ITM006|13781.92,1,10.816953030765807,False,False,False,False,False,False,0,Low,normal pattern,2026-05
INV1346,2026-02-12,C001,Arun Traders,Chennai,Retail,ITM010,Barcode Scanner,POS,7,8263.42,0,57843.94,6941.27,64785.21,Bank,49926.30030706451,7917.639692935489,13.687932898304453,2026-02-12|C001|ITM010|57843.94,1,11.598239746428414,False,False,False,False,False,False,0,Low,normal pattern,2026-02
INV1347,2026-01-03,C002,Sri Lakshmi Stores,Ambattur,Retail,ITM005,Office Chair,Furniture,4,6348.84,5,24125.59,4342.61,28468.2,UPI,22609.10480939797,1516.4851906020303,6.285795251440608,2026-01-03|C002|ITM005|24125.59,1,2.5008868665430994,False,False,False,False,False,False,0,Low,normal pattern,2026-01
INV1348,2026-04-25,C006,Vetri Agencies,Poonamallee,Wholesale,ITM007,Router,Networking,8,2612.98,5,19858.65,3574.56,23433.21,UPI,16004.168115717195,3854.4818842828063,19.409586675241297,2026-04-25|C006|ITM007|19858.65,1,13.998891850740142,False,False,True,False,False,False,10,Low,unusually high quantity,2026-04
INV1349,2026-03-30,C001,Arun Traders,Chennai,Retail,ITM008,UPS,Electronics,2,4020.83,0,8041.66,402.08,8443.74,UPI,6644.129350440078,1397.5306495599216,17.37863388355043,2026-03-30|C001|ITM008|8041.66,1,4.842335946079002,False,False,False,False,False,False,0,Low,normal pattern,2026-03
INV1350,2026-03-31,C005,Delta Distributors,Redhills,Wholesale,ITM006,Desk,Furniture,8,8501.27,5,64609.65,7753.16,72362.81,Cash,50130.89120416078,14478.758795839225,22.409591749590383,2026-03-31|C005|ITM006|64609.65,1,10.023735692580075,False,False,True,False,False,False,10,Low,unusually high quantity,2026-03
INV1351,2026-05-02,C002,Sri Lakshmi Stores,Ambattur,Retail,ITM008,UPS,Electronics,8,4056.66,0,32453.28,1622.66,34075.94,Bank,26965.749238070184,5487.530761929815,16.90901739956582,2026-05-02|C002|ITM008|32453.28,1,3.994376916960142,False,False,True,False,False,False,10,Low,unusually high quantity,2026-05
INV1352,2026-01-06,C006,Vetri Agencies,Poonamallee,Wholesale,ITM002,Monitor,Electronics,3,13053.4,8,36027.38,1801.37,37828.75,UPI,29402.74831077619,6624.6316892238065,18.387769771834108,2026-01-06|C006|ITM002|36027.38,1,7.103150802161847,False,False,False,False,False,False,0,Low,normal pattern,2026-01
INV1353,2026-05-22,C003,Metro Office Mart,Chennai,Corporate,ITM006,Desk,Furniture,7,8916.89,0,62418.23,7490.19,69908.42,UPI,51288.50469699495,11129.725303005056,17.83088899349606,2026-05-22|C003|ITM006|62418.23,1,15.402704367678034,False,False,False,False,False,False,0,Low,normal pattern,2026-05
INV1354,2026-02-17,C007,Prime Tech Solutions,Guindy,Corporate,ITM007,Router,Networking,1,2577.81,0,2577.81,309.34,2887.15,Credit,2121.6342786086875,456.17572139131244,17.69625074739071,2026-02-17|C007|ITM007|2577.81,1,12.464497777157284,False,False,False,False,False,False,0,Low,normal pattern,2026-02
INV1355,2026-04-10,C001,Arun Traders,Chennai,Retail,ITM004,Printer,Electronics,4,10034.52,8,36927.03,1846.35,38773.38,Bank,32266.092482851094,4660.937517148905,12.62202109714457,2026-04-10|C001|ITM004|36927.03,1,9.10999620480984,False,False,False,False,False,False,0,Low,normal pattern,2026-04
INV1356,2026-05-18,C003,Metro Office Mart,Chennai,Corporate,ITM006,Desk,Furniture,6,7100.22,0,42601.32,5112.16,47713.48,Credit,34680.615031944486,7920.704968055514,18.592628040763792,2026-05-18|C003|ITM006|42601.32,1,8.108702742158421,False,False,False,False,False,False,0,Low,normal pattern,2026-05
INV1357,2026-05-16,C006,Vetri Agencies,Poonamallee,Wholesale,ITM010,Barcode Scanner,POS,7,7550.28,5,50209.36,2510.47,52719.83,Cash,45320.88392130467,4888.476078695334,9.736184804377777,2026-05-16|C006|ITM010|50209.36,1,1.9672190924173636,False,False,False,False,False,False,0,Low,normal pattern,2026-05
INV1358,2026-04-01,C008,Bright Retail Hub,Anna Nagar,Retail,ITM010,Barcode Scanner,POS,3,7956.36,8,21959.55,2635.15,24594.7,Bank,20619.64009404069,1339.90990595931,6.101718413898782,2026-04-01|C008|ITM010|21959.55,1,7.451366478878374,False,False,False,False,False,False,0,Low,normal pattern,2026-04
INV1359,2026-06-22,C003,Metro Office Mart,Chennai,Corporate,ITM006,Desk,Furniture,2,7199.23,0,14398.46,719.92,15118.38,Cash,11642.415909900154,2756.0440900998456,19.14124211964228,2026-06-22|C003|ITM006|14398.46,1,6.827311835750051,False,False,False,False,False,False,0,Low,normal pattern,2026-06
INV1360,2026-06-27,C003,Metro Office Mart,Chennai,Corporate,ITM009,External SSD,Storage,7,5676.43,0,39735.01,7152.3,46887.31,Credit,32897.68045107037,6837.329548929629,17.20731805259299,2026-06-27|C003|ITM009|39735.01,1,3.9696320310639694,False,False,False,False,False,False,0,Low,normal pattern,2026-06
INV1361,2026-04-19,C003,Metro Office Mart,Chennai,Corporate,ITM008,UPS,Electronics,3,4416.8,2,12985.39,1558.25,14543.64,UPI,11761.353471129863,1224.036528870136,9.42625927192126,2026-04-19|C003|ITM008|12985.39,1,4.528759135143314,False,False,False,False,False,False,0,Low,normal pattern,2026-04
INV1362,2026-02-17,C006,Vetri Agencies,Poonamallee,Wholesale,ITM008,UPS,Electronics,1,4890.79,0,4890.79,586.89,5477.68,UPI,3626.775330714973,1264.0146692850271,25.8447954069798,2026-02-17|C006|ITM008|4890.79,1,15.74628914385246,False,False,False,False,False,False,0,Low,normal pattern,2026-02
INV1363,2026-02-19,C007,Prime Tech Solutions,Guindy,Corporate,ITM009,External SSD,Storage,8,5659.44,2,44370.01,5324.4,49694.41,Credit,33552.72087119672,10817.289128803284,24.379731103967035,2026-02-19|C007|ITM009|44370.01,1,3.658442771580835,False,False,True,False,False,False,10,Low,unusually high quantity,2026-02
INV1364,2026-05-06,C003,Metro Office Mart,Chennai,Corporate,ITM002,Monitor,Electronics,1,12715.62,0,12715.62,1525.87,14241.49,Bank,9355.995803885906,3359.624196114095,26.421237785606166,2026-05-06|C003|ITM002|12715.62,1,4.331665803774138,False,False,False,False,False,False,0,Low,normal pattern,2026-05
INV1365,2026-03-12,C004,Greenline Enterprises,Avadi,Corporate,ITM009,External SSD,Storage,5,5209.88,2,25528.41,4595.11,30123.52,Credit,21840.217894320253,3688.1921056797473,14.447402347736297,2026-03-12|C004|ITM009|25528.41,1,4.575709288056131,False,False,False,False,False,False,0,Low,normal pattern,2026-03
INV1366,2026-05-21,C002,Sri Lakshmi Stores,Ambattur,Retail,ITM010,Barcode Scanner,POS,2,6861.39,5,13036.64,1564.4,14601.04,Bank,10914.406131225636,2122.233868774363,16.278994194626552,2026-05-21|C002|ITM010|13036.64,1,7.336303102862194,False,False,False,False,False,False,0,Low,normal pattern,2026-05
INV1367,2026-04-23,C004,Greenline Enterprises,Avadi,Corporate,ITM007,Router,Networking,2,2576.4,8,4740.58,237.03,4977.61,Cash,4428.202210757224,312.3777892427761,6.589442415121696,2026-04-23|C004|ITM007|4740.58,1,12.402982404858404,False,False,False,False,False,False,0,Low,normal pattern,2026-04
INV1368,2026-01-09,C008,Bright Retail Hub,Anna Nagar,Retail,ITM005,Office Chair,Furniture,6,7068.06,0,42408.36,5089.0,47497.36,Bank,35657.867415401925,6750.492584598076,15.917834560445337,2026-01-09|C008|ITM005|42408.36,1,8.544172096644647,False,False,False,False,False,False,0,Low,normal pattern,2026-01
INV1369,2026-03-02,C004,Greenline Enterprises,Avadi,Corporate,ITM010,Barcode Scanner,POS,6,8051.26,5,45892.18,8260.59,54152.77,Credit,37682.54388516723,8209.63611483277,17.88896521113787,2026-03-02|C004|ITM010|45892.18,1,8.73299962253271,False,False,False,False,False,False,0,Low,normal pattern,2026-03
INV1370,2026-02-12,C003,Metro Office Mart,Chennai,Corporate,ITM004,Printer,Electronics,4,11652.7,5,44280.26,5313.63,49593.89,Cash,41097.021023836634,3183.2389761633676,7.188844365781429,2026-02-12|C003|ITM004|44280.26,1,5.547046318529675,False,False,False,False,False,False,0,Low,normal pattern,2026-02
INV1371,2026-06-02,C003,Metro Office Mart,Chennai,Corporate,ITM006,Desk,Furniture,5,7320.35,0,36601.75,6588.31,43190.06,Bank,31377.061982527786,5224.688017472214,14.274421352728254,2026-06-02|C003|ITM006|36601.75,1,5.2597725307891,False,False,False,False,False,False,0,Low,normal pattern,2026-06
INV1372,2026-02-04,C007,Prime Tech Solutions,Guindy,Corporate,ITM001,Laptop,Electronics,5,54092.92,0,270464.6,48683.63,319148.23,UPI,207905.13442427295,62559.46557572702,23.13037106361684,2026-02-04|C007|ITM001|270464.6,1,4.178890671225197,True,False,False,False,False,False,20,Low,unusually high transaction value,2026-02
INV1373,2026-03-05,C003,Metro Office Mart,Chennai,Corporate,ITM006,Desk,Furniture,4,8446.88,8,31084.52,3730.14,34814.66,Credit,26541.94051517645,4542.579484823549,14.61363882994992,2026-03-05|C003|ITM006|31084.52,1,9.319818397361882,False,False,False,False,False,False,0,Low,normal pattern,2026-03
INV1374,2026-02-06,C005,Delta Distributors,Redhills,Wholesale,ITM007,Router,Networking,7,2290.7,8,14752.11,737.61,15489.72,Credit,12452.690454943919,2299.419545056082,15.587055309756243,2026-02-06|C005|ITM007|14752.11,1,0.06151537229889967,False,False,False,False,False,False,0,Low,normal pattern,2026-02
INV1375,2026-05-12,C005,Delta Distributors,Redhills,Wholesale,ITM006,Desk,Furniture,8,8897.31,0,71178.48,12812.13,83990.61,Bank,53267.84596429588,17910.63403570412,25.162990324750005,2026-05-12|C005|ITM006|71178.48,1,15.149299318213574,False,False,True,False,False,False,10,Low,unusually high quantity,2026-05
INV1376,2026-01-24,C008,Bright Retail Hub,Anna Nagar,Retail,ITM006,Desk,Furniture,2,8528.49,2,16715.84,835.79,17551.63,Credit,12734.758445361247,3981.081554638753,23.816221946601264,2026-01-24|C008|ITM006|16715.84,1,10.376017891069472,False,False,False,False,False,False,0,Low,normal pattern,2026-01
INV1377,2026-02-24,C008,Bright Retail Hub,Anna Nagar,Retail,ITM005,Office Chair,Furniture,6,6998.79,0,41992.74,7558.69,49551.43,UPI,37310.67309175148,4682.066908248518,11.149705659236616,2026-02-24|C008|ITM005|41992.74,1,7.480392954824315,False,False,False,False,False,False,0,Low,normal pattern,2026-02
INV1378,2026-05-25,C008,Bright Retail Hub,Anna Nagar,Retail,ITM006,Desk,Furniture,1,6739.62,8,6200.45,744.05,6944.5,Bank,5383.761625293383,816.6883747066167,13.171437149023324,2026-05-25|C008|ITM006|6200.45,1,12.775600639854225,False,False,False,False,False,False,0,Low,normal pattern,2026-05
INV1379,2026-02-01,C003,Metro Office Mart,Chennai,Corporate,ITM008,UPS,Electronics,8,3571.03,2,27996.88,1399.84,29396.72,UPI,22540.27188489525,5456.608115104751,19.490057874680147,2026-02-01|C003|ITM008|27996.88,1,15.487381195804467,False,False,True,False,False,False,10,Low,unusually high quantity,2026-02
INV1380,2026-06-16,C005,Delta Distributors,Redhills,Wholesale,ITM003,Keyboard,Accessories,5,747.98,0,3739.9,448.79,4188.69,Bank,3183.939284738855,555.9607152611452,14.865657243807192,2026-06-16|C005|ITM003|3739.9,1,9.521102226953275,False,False,False,False,False,False,0,Low,normal pattern,2026-06
INV1381,2026-04-06,C003,Metro Office Mart,Chennai,Corporate,ITM001,Laptop,Electronics,7,52663.58,8,339153.46,61047.62,400201.08,UPI,302118.912309553,37034.54769044701,10.919702157969141,2026-04-06|C003|ITM001|339153.46,1,1.4260894618985673,True,False,False,False,False,False,20,Low,unusually high transaction value,2026-04
INV1382,2026-04-20,C002,Sri Lakshmi Stores,Ambattur,Retail,ITM002,Monitor,Electronics,1,11247.82,0,11247.82,562.39,11810.21,UPI,9993.74653201705,1254.0734679829493,11.149480236907678,2026-04-20|C002|ITM002|11247.82,1,7.711633623762999,False,False,False,False,False,False,0,Low,normal pattern,2026-04
INV1383,2026-05-13,C008,Bright Retail Hub,Anna Nagar,Retail,ITM001,Laptop,Electronics,1,53077.93,10,47770.14,2388.51,50158.65,Credit,45671.13145307126,2099.008546928737,4.393976125941303,2026-05-13|C008|ITM001|47770.14,1,2.2240963609460214,False,False,False,False,False,False,0,Low,normal pattern,2026-05
INV1384,2026-06-27,C003,Metro Office Mart,Chennai,Corporate,ITM008,UPS,Electronics,2,3919.37,0,7838.74,1410.97,9249.71,Bank,6320.270407875408,1518.469592124592,19.371347845758276,2026-06-27|C003|ITM008|7838.74,1,7.243506001741844,False,False,False,False,False,False,0,Low,normal pattern,2026-06
INV1385,2026-01-27,C006,Vetri Agencies,Poonamallee,Wholesale,ITM006,Desk,Furniture,5,6957.19,10,31307.35,1565.37,32872.72,UPI,27402.44792877546,3904.90207122454,12.472796551686875,2026-01-27|C006|ITM006|31307.35,1,9.959802038629395,False,False,False,False,False,False,0,Low,normal pattern,2026-01
INV1386,2026-01-18,C001,Arun Traders,Chennai,Retail,ITM010,Barcode Scanner,POS,3,7206.84,8,19890.88,994.54,20885.42,UPI,19406.442068940098,484.43793105990335,2.4354776212007883,2026-01-18|C001|ITM010|19890.88,1,2.670969388685295,False,False,False,False,False,False,0,Low,normal pattern,2026-01
INV1387,2026-04-16,C008,Bright Retail Hub,Anna Nagar,Retail,ITM004,Printer,Electronics,2,11932.54,0,23865.08,1193.25,25058.33,Credit,20266.150581548252,3598.9294184517494,15.080315751934412,2026-04-16|C008|ITM004|23865.08,1,8.081762345010864,False,False,False,False,False,False,0,Low,normal pattern,2026-04
INV1388,2026-03-31,C007,Prime Tech Solutions,Guindy,Corporate,ITM006,Desk,Furniture,3,7221.22,8,19930.57,996.53,20927.1,UPI,19306.979587464986,623.5904125350135,3.1288137395719917,2026-03-31|C007|ITM006|19930.57,1,6.542716481423002,False,False,False,False,False,False,0,Low,normal pattern,2026-03
INV1389,2026-05-22,C005,Delta Distributors,Redhills,Wholesale,ITM001,Laptop,Electronics,5,50176.24,5,238337.14,42900.69,281237.83,UPI,185984.7925727707,52352.34742722931,21.96566906325607,2026-05-22|C005|ITM001|238337.14,1,3.3643400790129916,True,False,False,False,False,False,20,Low,unusually high transaction value,2026-05
INV1390,2026-04-11,C005,Delta Distributors,Redhills,Wholesale,ITM001,Laptop,Electronics,4,51889.74,0,207558.96,10377.95,217936.91,Credit,181218.91066160623,26340.049338393757,12.690393774565914,2026-04-11|C005|ITM001|207558.96,1,0.0642681072069886,True,False,False,False,False,False,20,Low,unusually high transaction value,2026-04
INV1391,2026-06-13,C002,Sri Lakshmi Stores,Ambattur,Retail,ITM009,External SSD,Storage,1,6737.52,0,6737.52,336.88,7074.4,Credit,5623.62804627632,1113.8919537236807,16.532670088158262,2026-06-13|C002|ITM009|6737.52,1,23.40458266937743,False,False,False,False,False,False,0,Low,normal pattern,2026-06
INV1392,2026-05-26,C007,Prime Tech Solutions,Guindy,Corporate,ITM006,Desk,Furniture,3,8449.86,10,22814.62,1140.73,23955.35,Bank,18808.01700096424,4006.60299903576,17.561559206490227,2026-05-26|C007|ITM006|22814.62,1,9.358385662295714,False,False,False,False,False,False,0,Low,normal pattern,2026-05
INV1393,2026-05-31,C002,Sri Lakshmi Stores,Ambattur,Retail,ITM001,Laptop,Electronics,5,50237.2,0,251186.0,30142.32,281328.32,Cash,207451.11131644837,43734.88868355163,17.411356000554022,2026-05-31|C002|ITM001|251186.0,1,3.246935709359481,True,False,False,False,False,True,35,Medium,unusually high transaction value; high-value cash transaction,2026-05
INV1394,2026-06-10,C007,Prime Tech Solutions,Guindy,Corporate,ITM007,Router,Networking,7,1918.92,5,12760.82,2296.95,15057.77,UPI,11330.227486529468,1430.5925134705321,11.210819629698813,2026-06-10|C007|ITM007|12760.82,1,16.28150481434137,False,False,False,False,False,False,0,Low,normal pattern,2026-06
INV1395,2026-03-13,C002,Sri Lakshmi Stores,Ambattur,Retail,ITM005,Office Chair,Furniture,2,6350.13,0,12700.26,635.01,13335.27,Cash,9172.311715707045,3527.9482842929556,27.778551654005156,2026-03-13|C002|ITM005|12700.26,1,2.4810763411648953,False,False,False,False,False,False,0,Low,normal pattern,2026-03
INV1396,2026-04-11,C002,Sri Lakshmi Stores,Ambattur,Retail,ITM005,Office Chair,Furniture,7,6797.49,10,42824.19,2141.21,44965.4,Bank,38150.50907107397,4673.6809289260345,10.913647004008796,2026-04-11|C002|ITM005|42824.19,1,4.3890295760393885,False,False,False,False,False,False,0,Low,normal pattern,2026-04
INV1397,2026-03-04,C002,Sri Lakshmi Stores,Ambattur,Retail,ITM007,Router,Networking,2,2292.09,5,4354.97,217.75,4572.72,Cash,3981.6899876224716,373.2800123775287,8.571356688508272,2026-03-04|C002|ITM007|4354.97,1,0.0008725584723238329,False,False,False,False,False,False,0,Low,normal pattern,2026-03
INV1398,2026-06-20,C003,Metro Office Mart,Chennai,Corporate,ITM002,Monitor,Electronics,1,12493.91,8,11494.4,574.72,12069.12,UPI,9659.84923446062,1834.5507655393794,15.960387367234302,2026-06-20|C003|ITM002|11494.4,1,2.5125351891949936,False,False,False,False,False,False,0,Low,normal pattern,2026-06
INV1399,2026-05-08,C006,Vetri Agencies,Poonamallee,Wholesale,ITM009,External SSD,Storage,5,5207.55,0,26037.75,4686.8,30724.55,Cash,20896.30085703304,5141.4491429669615,19.74613452762609,2026-05-08|C006|ITM009|26037.75,1,4.618385625583833,False,False,False,False,False,False,0,Low,normal pattern,2026-05
INV1400,2026-01-31,C001,Arun Traders,Chennai,Retail,ITM006,Desk,Furniture,7,7278.95,0,50952.65,6114.32,57066.97,Bank,40742.58184317826,10210.06815682174,20.03834571277792,2026-01-31|C001|ITM006|50952.65,1,5.795572788594448,False,False,False,False,False,False,0,Low,normal pattern,2026-01
INV1401,2026-05-08,C008,Bright Retail Hub,Anna Nagar,Retail,ITM009,External SSD,Storage,6,4999.45,10,26997.03,4859.47,31856.5,UPI,23227.852568918934,3769.177431081065,13.96145217115018,2026-05-08|C008|ITM009|26997.03,1,8.429950363573106,False,False,False,False,False,False,0,Low,normal pattern,2026-05
INV1402,2026-04-05,C003,Metro Office Mart,Chennai,Corporate,ITM005,Office Chair,Furniture,2,7133.67,8,13125.95,2362.67,15488.62,Bank,12631.15490284168,494.79509715832137,3.769594560076195,2026-04-05|C003|ITM005|13125.95,1,9.55174463157797,False,False,False,False,False,False,0,Low,normal pattern,2026-04
INV1403,2026-02-28,C001,Arun Traders,Chennai,Retail,ITM001,Laptop,Electronics,1,50407.74,2,49399.59,5927.95,55327.54,Credit,43382.56078828487,6017.029211715126,12.1803221680891,2026-02-28|C001|ITM001|49399.59,1,2.9184885111851013,False,False,False,False,False,False,0,Low,normal pattern,2026-02
INV1404,2026-02-08,C003,Metro Office Mart,Chennai,Corporate,ITM001,Laptop,Electronics,7,50289.13,0,352023.91,42242.87,394266.78,Cash,260464.57287111678,91559.3371288832,26.009408602070017,2026-02-08|C003|ITM001|352023.91,1,3.146922439738304,True,False,False,False,False,True,35,Medium,unusually high transaction value; high-value cash transaction,2026-02
INV1405,2026-03-11,C002,Sri Lakshmi Stores,Ambattur,Retail,ITM010,Barcode Scanner,POS,6,6563.52,8,36230.63,1811.53,38042.16,UPI,35421.98787080288,808.6421291971201,2.231929528128879,2026-03-11|C002|ITM010|36230.63,1,11.359064583371307,False,False,False,False,False,False,0,Low,normal pattern,2026-03
INV1406,2026-02-27,C001,Arun Traders,Chennai,Retail,ITM007,Router,Networking,2,2718.25,10,4892.85,587.14,5479.99,Cash,4774.638767786831,118.21123221316975,2.415999513845095,2026-02-27|C001|ITM007|4892.85,1,18.591603369820813,False,False,False,False,False,False,0,Low,normal pattern,2026-02
INV1407,2026-03-25,C002,Sri Lakshmi Stores,Ambattur,Retail,ITM009,External SSD,Storage,8,4910.87,0,39286.96,4714.44,44001.4,Cash,30294.313099564853,8992.646900435146,22.889648118447305,2026-03-25|C002|ITM009|39286.96,1,10.052383830613417,False,False,True,False,False,False,10,Low,unusually high quantity,2026-03
INV1408,2026-06-09,C004,Greenline Enterprises,Avadi,Corporate,ITM008,UPS,Electronics,6,4472.92,2,26300.77,1315.04,27615.81,UPI,23365.855565024765,2934.914434975235,11.159043765544642,2026-06-09|C004|ITM008|26300.77,1,5.85690484304592,False,False,False,False,False,False,0,Low,normal pattern,2026-06
INV1409,2026-02-08,C001,Arun Traders,Chennai,Retail,ITM007,Router,Networking,1,2070.4,0,2070.4,372.67,2443.07,Bank,1530.347579781572,540.0524202184281,26.08444842631511,2026-02-08|C001|ITM007|2070.4,1,9.67274694495465,False,False,False,False,False,False,0,Low,normal pattern,2026-02
INV1410,2026-03-27,C001,Arun Traders,Chennai,Retail,ITM007,Router,Networking,5,1940.57,5,9217.71,460.89,9678.6,Credit,8731.001400134755,486.70859986524374,5.280146585922576,2026-03-27|C001|ITM007|9217.71,1,15.336960268049971,False,False,False,False,False,False,0,Low,normal pattern,2026-03
INV1411,2026-05-06,C001,Arun Traders,Chennai,Retail,ITM003,Keyboard,Accessories,5,747.86,0,3739.3,673.07,4412.37,Credit,3140.3510880701715,598.9489119298287,16.017674750082335,2026-05-06|C001|ITM003|3739.3,1,9.53561794626765,False,False,False,False,False,False,0,Low,normal pattern,2026-05
INV1412,2026-06-29,C006,Vetri Agencies,Poonamallee,Wholesale,ITM008,UPS,Electronics,2,4456.26,5,8466.89,423.34,8890.23,Credit,7459.979796660256,1006.910203339743,11.892326501699479,2026-06-29|C006|ITM008|8466.89,1,5.462626377371342,False,False,False,False,False,False,0,Low,normal pattern,2026-06
INV1413,2026-01-20,C001,Arun Traders,Chennai,Retail,ITM007,Router,Networking,3,2074.19,0,6222.57,746.71,6969.28,Credit,4581.549675811738,1641.0203241882618,26.372066914285607,2026-01-20|C001|ITM007|6222.57,1,9.507397114449134,False,False,False,False,False,False,0,Low,normal pattern,2026-01
INV1414,2026-06-29,C006,Vetri Agencies,Poonamallee,Wholesale,ITM006,Desk,Furniture,8,7278.89,0,58231.12,2911.56,61142.68,UPI,51328.75310912831,6902.366890871694,11.853398819860743,2026-06-29|C006|ITM006|58231.12,1,5.796349310707203,False,False,True,False,False,False,10,Low,unusually high quantity,2026-06
INV1415,2026-05-30,C002,Sri Lakshmi Stores,Ambattur,Retail,ITM003,Keyboard,Accessories,2,773.83,2,1516.71,182.01,1698.72,Credit,1122.3938468032973,394.31615319670277,25.99812444018321,2026-05-30|C002|ITM003|1516.71,1,6.394174357981833,False,False,False,False,False,False,0,Low,normal pattern,2026-05
INV1416,2026-01-31,C006,Vetri Agencies,Poonamallee,Wholesale,ITM004,Printer,Electronics,8,10126.5,0,81012.0,4050.6,85062.6,Bank,61840.43327484529,19171.566725154713,23.66509495525936,2026-01-31|C006|ITM004|81012.0,1,8.276865915659831,False,False,True,False,False,False,10,Low,unusually high quantity,2026-01
INV1417,2026-02-10,C005,Delta Distributors,Redhills,Wholesale,ITM010,Barcode Scanner,POS,1,6755.33,10,6079.8,729.58,6809.38,UPI,5037.746393514496,1042.0536064855041,17.139603383096553,2026-02-10|C005|ITM010|6079.8,1,8.768653062988419,False,False,False,False,False,False,0,Low,normal pattern,2026-02
INV1418,2026-01-24,C004,Greenline Enterprises,Avadi,Corporate,ITM006,Desk,Furniture,7,7855.11,8,50586.91,6070.43,56657.34,Cash,47277.767399449665,3309.142600550338,6.54149976851786,2026-01-24|C004|ITM006|50586.91,1,1.6611102195486782,False,False,False,False,False,False,0,Low,normal pattern,2026-01
INV1419,2026-02-14,C001,Arun Traders,Chennai,Retail,ITM007,Router,Networking,8,2395.29,5,18204.2,910.21,19114.41,Bank,14480.519908897126,3723.680091102875,20.455060321809665,2026-02-14|C001|ITM007|18204.2,1,4.501529158722742,False,False,True,False,False,False,10,Low,unusually high quantity,2026-02
INV1420,2026-04-29,C002,Sri Lakshmi Stores,Ambattur,Retail,ITM003,Keyboard,Accessories,2,718.35,10,1293.03,64.65,1357.68,UPI,1269.9205093654098,23.109490634590202,1.7872354573822882,2026-04-29|C002|ITM003|1293.03,1,13.105275254327504,False,False,False,False,False,False,0,Low,normal pattern,2026-04
INV-DUP-001,2026-05-31,C004,Greenline Enterprises,Avadi,Corporate,ITM001,Laptop,Electronics,2,53150.42,0,106300.84,5315.04,111615.88,Bank,89093.75582637094,17207.08417362906,16.18715729210518,2026-05-31|C004|ITM001|106300.84,3,2.363706642379468,False,False,False,False,True,False,30,Medium,possible duplicate voucher,2026-05
INV-DUP-002,2026-05-31,C004,Greenline Enterprises,Avadi,Corporate,ITM001,Laptop,Electronics,2,53150.42,0,106300.84,5315.04,111615.88,Bank,77228.54757040735,29072.29242959265,27.349071211095467,2026-05-31|C004|ITM001|106300.84,3,2.363706642379468,False,False,False,False,True,False,30,Medium,possible duplicate voucher,2026-05
INV-FRAUD-001,2026-05-18,C004,Greenline Enterprises,Avadi,Corporate,ITM009,External SSD,Storage,25,125000.0,0,3125000.0,562500.0,3687500.0,Cash,2253054.281697394,871945.7183026061,27.902262985683397,2026-05-18|C004|ITM009|3125000.0,1,2189.50308625016,True,False,True,True,False,True,60,High,unusually high transaction value; unusually high quantity; unusual unit price; high-value cash transaction,2026-05
INV-FRAUD-002,2026-03-26,C008,Bright Retail Hub,Anna Nagar,Retail,ITM007,Router,Networking,1,2044.08,48,1062.92,191.33,1254.25,Bank,1490.7443247019426,-427.8243247019425,-40.249908243512444,2026-03-26|C008|ITM007|1062.92,1,10.821033894533866,False,True,False,False,False,False,20,Low,unusually high discount,2026-03
INV-FRAUD-003,2026-05-26,C001,Arun Traders,Chennai,Retail,ITM010,Barcode Scanner,POS,2,1.0,0,2.0,0.36,2.36,UPI,1.658133063953182,0.34186693604681806,17.093346802340903,2026-05-26|C001|ITM010|2.0,1,99.98649490891829,False,False,False,True,False,False,15,Low,unusual unit price,2026-05
